created_at,id,image_url,name,brand,category,raw_ingredients
2026-08-13 06:44:44.74861+00,11,https://image.oliveyoung.co.kr/cfimages/cf-goods/uploads/images/thumbnails/10/0000/0026/A00000026174206ko.png,[업그레이드 수분흔적세럼/1+1] 메디힐 마데카소사이드 더마 세럼 50+50mL 기획,메디힐,SERUM,"정제수, 글리세린, 부틸렌글라이콜, 프로판다이올, 나이아신아마이드, 아이소펜틸다이올, 1,2-헥산다이올, 글리세릴폴리메타크릴레이트, 판테놀, 베타인, 폴리글리세릴-10라우레이트, 아크릴레이트/C10-30알킬아크릴레이트크로스폴리머, 다이페닐다이메티콘, 트로메타민, 마데카소사이드(1,080 ppm), 트라이에틸헥사노인, 잔탄검, 에틸헥실글리세린, 하이드로제네이티드레시틴, 소듐하이알루로네이트, 병풀추출물, 서양배추출물, 연필향나무오일, 병풀잎추출물, 베타-글루칸, 다마스크장미꽃수, 멜론추출물, 오리스뿌리추출물, 서양송악잎/줄기추출물, 호호바씨오일, 광곽향오일, 불가리스쑥오일, 로즈마리잎오일, 토코페롤, 다이프로필렌글라이콜, 펜틸렌글라이콜, 소듐하이알루로네이트크로스폴리머, 카프릴릴/카프릴글루코사이드, 마데카식애씨드(0.04 ppb), 아시아티코사이드, 아시아틱애씨드, 세라마이드엔피"
2026-08-13 06:44:56.893228+00,12,https://image.oliveyoung.co.kr/cfimages/cf-goods/uploads/images/thumbnails/10/0000/0025/A00000025359213ko.jpg,"[흔적,기미,미백/TXA] 셀리맥스 트라넥삼산 잡티 크림 35ml 기획 (+14ml)",셀리맥스,CREAM,"정제수, 글리세린, 나이아신아마이드, 트라넥사믹애씨드, 카프릴릭/카프릭트라이글리세라이드, 다이프로필렌글라이콜, 1,2-헥산다이올, 퀸즈랜드넛오일, 페닐트라이메티콘, 하이드로제네이티드폴리(C6-14올레핀), 다이카프릴릴에테르, 비닐다이메티콘, 세테아릴알코올, 프로판다이올, 세테아릴올리베이트, 글리세릴스테아레이트에스이, 솔비탄올리베이트, 암모늄아크릴로일다이메틸타우레이트/브이피코폴리머, 베헤닐알코올, 다이메티콘올, 세테아릴글루코사이드, 다시마추출물, 한련초잎추출물, 하이드로제네이티드레시틴, 세라마이드엔피, 베타인, 에틸헥실글리세린, 잔탄검, 비파나무잎추출물, 아데노신, 프룩토올리고사카라이드, 황련뿌리추출물, 콜레스테롤, 부틸렌글라이콜, 베타-글루칸, 스피어민트추출물, 하이드롤라이즈드하이알루로닉애씨드, 카카오씨추출물, 덱스트린, 토코페롤, 아스코빅애씨드폴리펩타이드, 글리세릴스테아레이트, 세라마이드에이에스, 세라마이드에이피, 세라마이드엔에스, 세라마이드이오피"
2026-08-13 06:45:07.996449+00,13,https://image.oliveyoung.co.kr/cfimages/cf-goods/uploads/images/thumbnails/10/0000/0022/A00000022620115ko.png,[단독기획] 아누아 TXA 나이아신 흔적 세럼 30ml 2입,아누아,SERUM,"정제수, 글리세린, 나이아신아마이드(10%), 트라넥사믹애씨드(4%), 부틸렌글라이콜, 다이에톡시에틸석시네이트, 1,2-헥산다이올, 알부틴, 펜틸렌글라이콜, 소듐하이알루로네이트, 잔탄검, 베타인살리실레이트, 알파-알부틴, 수크로오스팔미테이트, 아이비고드열매추출물, 한련초추출물, 하이드로제네이티드레시틴, 젤란검, 퀸즈랜드넛오일, 올리브오일, 호호바씨오일, 포도씨오일, 소듐파이테이트, 셀룰로오스, 카프릴릭/카프릭트라이글리세라이드, 판테놀, 사이아노코발아민, 폴리글루타믹애씨드, 3-O-에틸아스코빅애씨드, 세라마이드엔피, 덱스트린, 카카오추출물, 하이드롤라이즈드하이알루로닉애씨드, 편백잎추출물, 복사나무꽃추출물, 녹차씨오일, 아시아티코사이드, 마데카식애씨드, 아시아틱애씨드, 효모발효추출물, 병풀추출물, 쑥잎추출물, 칸디다 봄비콜라/글루코오스/메틸레이프씨데이트발효물, 다이메틸실란올하이알루로네이트, 하이드롤라이즈드소듐하이알루로네이트, 하이알루로닉애씨드, 포타슘하이알루로네이트, 하이드록시프로필트라이모늄하이알루로네이트, 소듐하이알루로네이트크로스폴리머, 소듐하이알루로네이트다이메틸실란올, 소듐아세틸레이티드하이알루로네이트"
2026-08-13 06:45:19.820994+00,14,https://image.oliveyoung.co.kr/cfimages/cf-goods/uploads/images/thumbnails/10/0000/0026/A00000026142335ko.jpg,[8월올영픽] 웰라쥬 리얼 히알루로닉 블루 100 앰플 100ml 기획 (+60ml 리필+수딩크림 30ml),웰라쥬,SERUM,"정제수, 프로판다이올, 펜틸렌글라이콜, 글리세린, 1,2-헥산다이올, 판테놀, 메틸프로판다이올, 소듐아크릴릭애씨드/엠에이코폴리머, 부틸렌글라이콜, 참마뿌리추출물, 잔탄검, 소듐시트레이트, 에틸헥실글리세린, 소듐하이알루로네이트(1,000ppm), 글라이코실트레할로오스, 하이드로제네이티드스타치하이드롤리세이트, 시트릭애씨드, 라피노오스, 아데노신, 레시틴, 트라이소듐에틸렌다이아민다이석시네이트, 카프릴릴글라이콜, 사카라이드아이소머레이트, 폴리쿼터늄-51, 말라카이트추출물, 알지닌, 소듐디엔에이, 갈랑가갈랑갈추출물, 바이오사카라이드검-1, 사이아노코발아민, 토코페롤, 카프릴릭/카프릭트라이글리세라이드, 하이드로제네이티드레시틴, 하이드롤라이즈드하이알루로닉애씨드(0.100052ppm), 하이드롤라이즈드소듐하이알루로네이트(0.1ppm), 수크로오스라우레이트, 소듐스테아로일글루타메이트, 암모늄아크릴로일다이메틸타우레이트/브이피코폴리머, 글라이신, 세린, 히스티딘, 돌콩추출물, 라이소레시틴, 플로레틴, 테트라하이드로피페린, 다이메틸아이소소바이드, 소듐하이알루로네이트크로스폴리머(2.08ppb), 벤질글라이콜, 하이드롤라이즈드글라이코사미노글리칸, 올레일알코올, 베타-글루칸, 하이드록시프로필트라이모늄하이알루로네이트(0.012ppb), 하이알루로닉애씨드(0.001ppb), 소듐아세틸레이티드하이알루로네이트(0.0002ppb), 아데노신, 토코페롤, 시트릭애씨드, 하이드롤라이즈드하이알루로닉애씨드(1ppm), 소듐하이알루로네이트크로스폴리머(0.1981ppm), 소듐하이알루로네이트(0.52ppb), 하이드록시프로필트라이모늄하이알루로네이트(0.012ppb), 하이알루로닉애씨드(0.001ppb), 소듐아세틸레이티드하이알루로네이트(0.0002ppb)"
2026-08-13 06:45:33.553436+00,15,https://image.oliveyoung.co.kr/cfimages/cf-goods/uploads/images/thumbnails/10/0000/0026/A00000026060006ko.jpg,[리뷰이벤트/트러블1등] 셀라딕스 세범 리밸런싱 131 앰플 30ml 기획 (+미니언즈 키링) (미니언즈 콜라보),셀라딕스,SERUM,"정제수, 다이프로필렌글라이콜, 부틸렌글라이콜, 글리세레스 -26, 나이아신아마이드, 글리세린,베타인, 피토스테롤, 세라마이드엔피, 스쿠알란, 라우릭애씨드, 아라키딕애씨드, 베헤닉애씨드, 베타-글루칸, 참오동나무잎추출물, 육계나무껍질추출물, 생달나무잎추출물, 녹나무잎추출물, 월계수잎추출물, 고수추출물, 유칼립투스잎추출물, 황금추출물, 후박나무가지추출물, 1,2-헥산다이올, 폴리글리세릴-10라우레이트, 폴리글리세릴-10미리스테이트,하이드록시아세토페논, 판테놀, 아데노신, 다이소듐이디티에이, 소듐하이알루로네이트, 잔탄검, 소듐폴리아크릴레이트, 에틸헥실글리세린, 베르가모트오일, 라반딘오일, 오렌지껍질오일, 라벤더오일, 발삼아미리스껍질오일, 바질오일, 리모넨, 리날룰"
2026-08-13 06:45:44.18138+00,16,https://image.oliveyoung.co.kr/cfimages/cf-goods/uploads/images/thumbnails/10/0000/0025/A00000025829125ko.jpg,[NEW/1등수분세럼] 토리든 다이브인 저분자 히알루론산 세럼 50ml 리필 기획(+리필 50ml),토리든,SERUM,"정제수, 부틸렌글라이콜, 글리세린, 다이프로필렌글라이콜, 1,2-헥산다이올, 판테놀, 소듐하이알루로네이트크로스폴리머, 하이드롤라이즈드하이알루로닉애씨드(1,000ppm), 소듐하이알루로네이트, 소듐아세틸레이티드하이알루로네이트, 하이드롤라이즈드소듐하이알루로네이트, 알란토인, 엑토인, 감초추출물, 2,3-부탄다이올, 트레할로오스, 베타인, 프로판다이올, 쇠비름추출물, 버지니아풍년화잎추출물, 마데카소사이드, 마데카식애씨드, 세라마이드엔피, 베타-글루칸, 말라카이트추출물, 콜레스테롤, 펜틸렌글라이콜, 글리세릴아크릴레이트/아크릴릭애씨드코폴리머, 피브이엠/엠에이코폴리머, 폴리글리세릴-10라우레이트, 잔탄검, 트로메타민, 카보머, 에틸헥실글리세린, 황금추출물, 모란뿌리추출물"
2026-08-13 06:45:54.013142+00,17,https://image.oliveyoung.co.kr/cfimages/cf-goods/uploads/images/thumbnails/10/0000/0025/A00000025019931ko.png,[단독기획/모공탄력] 셀리맥스 더 비타 A 레티날 샷 타이트닝 부스터 15ml 기획(+3ml),셀리맥스,ETC,"정제수, 부틸렌글라이콜, 글리세린, 카프릴릭/카프릭트라이글리세라이드, 세테아릴알코올, 나이아신아마이드, 다이아이소스테아릴말레이트, 1,2-헥산다이올, 폴리프로필실세스퀴옥세인, 판테놀, 세테아릴올리베이트, 세테아릴글루코사이드, 솔비탄올리베이트, 하이드록시에틸아크릴레이트/소듐아크릴로일다이메틸타우레이트코폴리머, 레시틴, 카보머, 알지닌, 다이메티콘/비닐다이메티콘크로스폴리머, 토코페롤, 레틴알(0.1%), 잔탄검, 에틸헥실글리세린, 아데노신, 솔비탄아이소스테아레이트, 소듐락테이트, 하이드롤라이즈드해면, 다이소듐이디티에이, 폴리솔베이트20, 아스코빅애씨드, 글루코오스, 팔미토일트라이펩타이드-1, 팔미토일테트라펩타이드-7"
2026-08-13 06:46:03.262384+00,18,https://image.oliveyoung.co.kr/cfimages/cf-goods/uploads/images/thumbnails/10/0000/0025/A00000025562038ko.png,[1등미백앰플]메디큐브 PDRN 핑크 펩타이드 앰플 30ml 리필기획(+리필팩50ml+거울키링),메디큐브,SERUM,"정제수,글리세린,다이프로필렌글라이콜,아이소프로필미리스테이트,글리세레스-26,나이아신아마이드,1,2-헥산다이올,소듐디엔에이,부틸렌글라이콜,폴리글리세린-3,소듐아크릴레이트/소듐아크릴로일다이메틸타우레이트코폴리머,폴리아이소부텐,아크릴레이트/C10-30알킬아크릴레이트크로스폴리머,이리추출물,트로메타민,글리세릴아크릴레이트/아크릴릭애씨드코폴리머,피브이엠/엠에이코폴리머,에틸헥실글리세린,카프릴릴글라이콜,향료,인도멀구슬나무잎추출물,아데노신,카프릴릴/카프릴글루코사이드,솔비탄올리에이트,인도멀구슬나무꽃추출물,소듐하이알루로네이트,다이소듐이디티에이,울금뿌리추출물,사이아노코발아민,하이드롤라이즈드콜라겐,유비퀴논,홀리바질잎추출물,참산호말추출물,팔미토일펜타펩타이드-4,팔미토일트라이펩타이드-1,팔미토일테트라펩타이드-7,카퍼트라이펩타이드-1,아세틸헥사펩타이드-8,연어알추출물,아텔로콜라겐"
2026-08-13 06:46:13.88169+00,19,https://image.oliveyoung.co.kr/cfimages/cf-goods/uploads/images/thumbnails/10/0000/0020/A000000200646139ko.jpg,[8월올영픽/3일진정세럼]브링그린 징크테카 트러블 세럼 대용량 기획,브링그린,SERUM,"정제수, 에톡시다이글라이콜, 메틸프로판다이올, 메틸글루세스-20, 1,2-헥산다이올, 나이아신아마이드, 병풀추출물, 티트리추출물, 티트리잎추출물, 티트리꽃/잎/줄기추출물, 몰로키아잎추출물**, 신선초추출물**, 연꽃뿌리추출물**, 오크라열매추출물**, 참마뿌리추출물**, 하이드로제네이티드레시틴, 티트리잎수, 티트리잎오일, 옥틸도데칸올, 옥틸도데세스-16, 아시아티코사이드*(4,800ppm), 마데카식애씨드*(3,600ppm), 글라이코리피드, 아시아틱애씨드*(3,600ppm), C12-13알케스-9, 카보머, 트로메타민, 피브이피, 소듐폴리아크릴레이트, 다이소듐이디티에이, 4-터피네올, 징크피씨에이(1ppm), 에틸헥실글리세린"
2026-08-13 06:46:24.633828+00,20,https://image.oliveyoung.co.kr/cfimages/cf-goods/uploads/images/thumbnails/10/0000/0015/A000000156230103ko.png,[역대급증정/1등 모공수분천재크림] 에스네이처 아쿠아 스쿠알란 수분크림 60ml 기획(60ml+30ml),에스네이처,CREAM,"정제수, 스쿠알란(150,000ppm), 글리세린, 1,2-헥산다이올, 베타인, 판테놀, 소듐하이알루로네이트, 하이드롤라이즈드콜라겐, 하이드록시프로필트라이모늄하이알루로네이트, 하이드롤라이즈드하이알루로닉애씨드, 소듐아세틸레이티드하이알루로네이트, 아세틸헥사펩타이드-8, 아데노신, 하이알루로닉애씨드, 하이드롤라이즈드소듐하이알루로네이트, 소듐하이알루로네이트크로스폴리머, 포타슘하이알루로네이트, 아크릴레이트/C10-30알킬아크릴레이트크로스폴리머, 알지닌, 알란토인, 자일리틸글루코사이드, 안하이드로자일리톨, 자일리톨, 글루코오스, 부틸렌글라이콜, 암모늄아크릴로일다이메틸타우레이트/브이피코폴리머, 카프릴릴글라이콜"
2026-08-13 06:46:33.364024+00,21,https://image.oliveyoung.co.kr/cfimages/cf-goods/uploads/images/thumbnails/10/0000/0022/A00000022269818ko.png,[수지세럼] 아누아 피디알엔 히알루론산 캡슐 100 세럼 30mL 기획 (+30mL 리필팩),아누아,SERUM,"하이드롤라이즈드하이알루로닉애씨드(29,049ppm), 나이아신아마이드, 하이드롤라이즈드콜라겐, 소듐하이알루로 네이트(800ppm), 아데노신, 소듐디엔에이(100ppm), 하이알 루로닉애씨드(30ppm), 하이드롤라이즈드소듐하이알루로네이 트(30ppm), 하이드록시프로필트라이모늄하이알루로네이트 (30ppm), 포타슘하이알루로네이트(30ppm), 소듐하이알루 로네이트크로스폴리머(30ppm), 소듐아세틸레이티드하이알 루로네이트(1ppm),  소듐디엔에이"
2026-08-13 06:46:40.200066+00,22,https://image.oliveyoung.co.kr/cfimages/cf-goods/uploads/images/thumbnails/10/0000/0019/A00000019832009ko.jpg,[올영 어워즈 1등 크림] 에스트라 아토베리어365 크림 80ml,에스트라,CREAM,"정제수, 부틸렌글라이콜, 글리세린, 부틸렌글라이콜다이카프릴레이트/다이카프레이트, 세틸에틸헥사노에이트, 스쿠알란, 펜타에리스리틸테트라아이소스테아레이트, 다이카프릴릴카보네이트, 베헤닐알코올, 다이메티콘, 하이드록시프로필비스팔미타마이드엠이에이, 스테아릭애씨드, 베타인, 만니톨, C14-22알코올, 팔미틱애씨드, 하이드록시프로필비스라우라마이드엠이에이, 아라키딜알코올, 콜레스테롤, 폴리아크릴레이트-13, C12-20알킬글루코사이드, 알란토인, 아라키딜글루코사이드, 나이아신아마이드, 세라마이드엔피, 글리세릴카프릴레이트, 에틸헥실글리세린, 하이드로제네이티드폴리아이소부텐, 카보머, 트로메타민, 다이메티콘올, 폴리글리세릴-10라우레이트, 하이드로제네이티드레시틴, 에틸헥실팔미테이트, 아크릴레이트/암모늄메타크릴레이트코폴리머, 솔비탄아이소스테아레이트, 실리카, 피토스핑고신, 스핑고리피드, 아라키딕애씨드, 토코페롤, 올레익애씨드"
2026-08-13 06:46:51.003897+00,23,https://image.oliveyoung.co.kr/cfimages/cf-goods/uploads/images/thumbnails/10/0000/0011/A00000011754150ko.jpg,[베스트 올인원]우르오스 올인원 200ml 2종 택 1,우르오스,ETC,"정제수, 글리세린, 하이드로제네이티드폴리(C6-12올레핀), 에탄올, 폴리글리세릴-10아이소스테아레이트, 아데노신포스페이트, 하이드록시프로필사이클로덱스트린, 아크릴레이트/C10-30알킬아크릴레이트크로스폴리머, 부틸렌글라이콜, 글리세릴카프릴레이트, 폴리글리세릴-10스테아레이트, 소듐아이소스테아로일락테이트, 소듐락테이트, 소듐하이드록사이드, 클로브꽃추출물, 사철쑥꽃추출물, 스타아니스열매/씨오일, 서양측백나무잎오일, 아틀라스시다나무껍질오일, 라반딘오일, 라임전초오일, 페퍼민트오일, 구주소나무잎오일, 로즈마리잎오일, 터펜틴, 리날룰, 리모넨 ■ 우르오스 올인원 스킨로션 200ml 정제수, 에탄올, 펜틸렌글라이콜, 글리세린, 베타인, 피이지-6, 피이지-32, 아데노신포스페이트, 소듐하이드록사이드, 소듐다이라우미도글루타미드라이신, 피피지-6-데실테트라데세스-30, 알진, 시트릭애씨드, 소듐하이알루로네이트, 스타아니스열매/씨오일, 서양측백나무잎오일, 아틀라스시다나무껍질오일, 라반딘오일, 라임전초오일, 페퍼민트오일, 구주소나무잎오일, 로즈마리잎오일, 페녹시에탄올, 터펜틴, 리날룰"
2026-08-13 06:47:02.485324+00,24,https://image.oliveyoung.co.kr/cfimages/cf-goods/uploads/images/thumbnails/10/0000/0026/A00000026144204ko.jpg,블랑네이처 9배 고농축 어성초 토너 300ml 기획 (+30ml),블랑네이처,TONER,"정제수, 약모밀추출물(100,000 ppm), 부틸렌글라이콜, 1,2-헥산다이올, 나이아신아마이드, 글리세린, 판테놀, 카보머, 알지닌, 글루코노락톤, 다이포타슘글리시리제이트, 아데노신, 다이소듐이디티에이, 하이알루로닉애씨드, 녹차추출물, 병풀추출물, 파파야열매추출물, 매실추출물, 사과추출물, 포도추출물, 데실글루코사이드, 시트릭애씨드, 티트리잎추출물, 살리실릭애씨드, 에틸헥실글리세린, 병풀잎추출물, 오카무라큰실말추출물, 흰버드나무껍질추출물, 징크피씨에이, 4-터피네올, 커피콩추출물, 마데카소사이드, 마데카식애씨드, 아시아티코사이드, 아시아틱애씨드, 베르가모트잎추출물, 소나무잎추출물, 소듐디엔에이"
2026-08-13 06:47:13.870023+00,25,https://image.oliveyoung.co.kr/cfimages/cf-goods/uploads/images/thumbnails/10/0000/0026/A00000026123503ko.jpg,[8월올영픽/단독기획] 동아제약 색소침착 프로 크림제 40ml 더블 기획 (+40ml),동아제약,CREAM,"정제수, 부틸렌글라이콜, 카프릴릭/카프릭트라이글리세라이드, 나이아신아마이드, 트라이프로필렌글라이콜, 트라넥사믹애씨드, 프로판다이올, 네오펜틸글라이콜다이헵타노에이트, 세테아릴알코올, 비닐다이메티콘, 글리세릴스테아레이트, 1,2-헥산다이올, 폴리글리세릴-2스테아레이트, 베헤닐알코올, 스테아릴알코올, 아크릴레이트/C10-30알킬아크릴레이트크로스폴리머, 알파-알부틴, 카프릴릴글라이콜, 하이드록시에틸아크릴레이트/소듐아크릴로일다이메틸타우레이트코폴리머, 알지닌, 글루타티온, 해바라기씨오일, 토코페롤, 다이소듐이디티에이, 아데노신, 글리세린, 솔비탄아이소스테아레이트, 세틸팔미테이트, 알부틴, 올리브오일, 폴리글리세릴-3메틸글루코오스다이스테아레이트, 폴리글리세릴-10라우레이트, 베타인, 판테놀, 코직애씨드, 포스파티딜콜린, 세라마이드엔피, 콜레스테롤, 세라마이드에이피, 하이드로제네이티드레시틴, 아스코빌팔미테이트, 시어버터, 하이드록시데실유비퀴논, 칸디다 봄비콜라/글루코오스/메틸레이프씨데이트발효물, 글라이코리피드, 헥실레조시놀"
2026-08-13 06:47:24.97226+00,26,https://image.oliveyoung.co.kr/cfimages/cf-goods/uploads/images/thumbnails/10/0000/0022/A00000022362501ko.jpg,[각질쓱싹] 디오디너리 글리코릭 애시드 7% 엑스폴리에이팅 토너 240ml,디오디너리,TONER,"정제수, 글라이콜릭애씨드(7%), 다마스크장미꽃수, 수레국화꽃수, 알로에베라잎수, 프로판다이올, 글리세린, 트라이에탄올아민, 아미노메틸프로판올, 인삼추출물, 마운틴페퍼열매추출물, 마운틴페퍼잎추출물, 아스파틱애씨드, 알라닌, 글라이신, 세린, 발린, 아이소류신, 프롤린, 트레오닌, 히스티딘, 페닐알라닌, 글루타믹애씨드, 알지닌, 피씨에이, 소듐피씨에이, 소듐락테이트, 프룩토오스, 글루코오스, 수크로오스, 우레아, 헥실니코티네이트, 덱스트린, 시트릭애씨드, 폴리솔베이트20, 젤란검, 트라이소듐에틸렌다이아민다이석시네이트, 소듐클로라이드, 헥실렌글라이콜, 포타슘솔베이트, 소듐벤조에이트, 1,2-헥산다이올, 카프릴릴글라이콜."
2026-08-13 06:47:35.894762+00,27,https://image.oliveyoung.co.kr/cfimages/cf-goods/uploads/images/thumbnails/10/0000/0000/A00000000656426ko.jpg,우르오스 올인원 스킨로션 200ml,우르오스,TONER,"정제수, 에탄올, 펜틸렌글라이콜, 글리세린, 베타인, 피이지-6, 피이지-32, 아데노신포스페이트, 소듐하이드록사이드, 소듐다이라우미도글루타미드라이신, 피피지-6-데실테트라데세스-30, 알진, 시트릭애씨드, 소듐하이알루로네이트, 스타아니스열매/씨오일, 서양측백나무잎오일, 아틀라스시다나무껍질오일, 라반딘오일, 라임전초오일, 페퍼민트오일, 구주소나무잎오일, 로즈마리잎오일, 페녹시에탄올, 터펜틴, 리날룰"
2026-08-13 06:47:43.917827+00,28,https://image.oliveyoung.co.kr/cfimages/cf-goods/uploads/images/thumbnails/10/0000/0023/A00000023182218ko.jpg,[8월올영픽/24시간파우더] 넘버즈인 1번 판토텐산 스킨케어100 블러파우더 기획 (+퍼프 1개),넘버즈인,TONER,"실리카, 다이메티콘, 옥수수전분, 알루미늄전분옥테닐석시네이트, 비닐다이메티콘/메티콘실세스퀴옥세인크로스폴리머, 마이카, 다이메티콘/비닐다이메티콘크로스폴리머, 카프릴릭/카프릭트라이글리세라이드, 옥틸도데실스테아로일스테아레이트, 칼라민, 마카다미아씨오일, 병풀추출물, 판토테닉애씨드, 징크피씨에이, 카프릴릴글라이콜, 나이아신아마이드, 에틸헥실글리세린, 다이포타슘글리시리제이트, 마데카소사이드, 토코페롤"
2026-08-13 06:47:51.506872+00,29,https://image.oliveyoung.co.kr/cfimages/cf-goods/uploads/images/thumbnails/10/0000/0025/A00000025887736ko.jpg,[크림10ml추가/1+1] 이니스프리 레티놀 시카 모공 흔적 앰플 30ml 리필기획(+30ml 리필),이니스프리,SERUM,"정제수, 글리세린, 부틸렌글라이콜, 나이아신아마이드, 병풀잎수(17712ppm), 다이부틸아디페이트, 1,2-헥산다이올, 카프릴릭/카프릭트라이글리세라이드, 하이드로제네이티드레시틴, 암모늄아크릴로일다이메틸타우레이트/브이피코폴리머, 콜레스테롤, 돌콩오일, 알란토인, 토코페롤, 에틸헥실글리세린, 토코페릴아세테이트, 소듐메틸스테아로일타우레이트, 해바라기씨오일, 폴리글리세릴-6카프릴레이트, 다이메틸아이소소바이드, 아데노신, 레티놀(1,000IU/g), 당근추출물, 잔탄검, 폴리글리세릴-10라우레이트, 하이드록시피나콜론레티노에이트, 레틴알, 풀루란, 세라마이드엔피, 하이알루로닉애씨드,베타-카로틴, 트로메타민, 병풀추출물(1ppm), 글라이코프로테인, 제인,  레티놀 1,000IU/g, 레틴알 0.005%, 하이드록시피나콜론레티노에이트 0.005%"
2026-08-13 06:48:01.978641+00,30,https://image.oliveyoung.co.kr/cfimages/cf-goods/uploads/images/thumbnails/10/0000/0026/A00000026186405ko.jpg,에스트라 아토베리어365 크림 80ml 기획(+토너25ml+클렌징폼3g*3EA),에스트라,CREAM,"정제수, 부틸렌글라이콜, 글리세린, 부틸렌글라이콜다이카프릴레이트/다이카프레이트, 세틸에틸헥사노에이트, 스쿠알란, 펜타에리스리틸테트라아이소스테아레이트, 다이카프릴릴카보네이트, 베헤닐알코올, 다이메티콘, 하이드록시프로필비스팔미타마이드엠이에이, 스테아릭애씨드, 베타인, 만니톨, C14-22알코올, 팔미틱애씨드, 하이드록시프로필비스라우라마이드엠이에이, 아라키딜알코올, 콜레스테롤, 폴리아크릴레이트-13, C12-20알킬글루코사이드, 알란토인, 아라키딜글루코사이드, 나이아신아마이드, 세라마이드엔피, 글리세릴카프릴레이트, 에틸헥실글리세린, 하이드로제네이티드폴리아이소부텐, 카보머, 트로메타민, 다이메티콘올, 폴리글리세릴-10라우레이트, 하이드로제네이티드레시틴, 에틸헥실팔미테이트, 아크릴레이트/암모늄메타크릴레이트코폴리머, 솔비탄아이소스테아레이트, 실리카, 피토스핑고신, 스핑고리피드, 아라키딕애씨드, 토코페롤, 올레익애씨드"
2026-08-13 06:48:12.476927+00,31,https://image.oliveyoung.co.kr/cfimages/cf-goods/uploads/images/thumbnails/10/0000/0025/A00000025572913ko.jpg,[8월올영픽/단독기획] 동아제약 아크네 프로 크림제 30ml 기획(+3ml+겔제3ml),동아제약,CREAM,"[아크네 프로 크림제 30ml + 3ml] 정제수, 카프릴릭/카프릭트라이글리세라이드, 락토바실러스발효물, 나이아신아마이드, 프로판다이올, 아이소프로필미리스테이트, 팔미틱애씨드, 페닐트라이메티콘, 스테아릴알코올, 스테아릭애씨드, 세테아릴올리베이트, 글리세릴스테아레이트, 1,2-헥산다이올, 솔비탄올리베이트, 부틸렌글라이콜, 세테아릴알코올, 하이드록시아세토페논, 펜틸렌글라이콜, 알지닌, 카보머, 다이소듐이디티에이, 카프릴릴글라이콜, 글리세린, 다이메틸설폰, 다이포타슘글리시리제이트, 석시닉애씨드, 징크피씨에이, 라우릴글루코사이드, 하이드로제네이티드레시틴, 소나무잎추출물, 도둑놈의지팡이뿌리추출물, 탱자추출물, 삼백초잎/뿌리추출물, 육계나무껍질추출물 [아크네 프로 겔제 3ml] 정제수, 프로판다이올, 변성알코올, 에톡시다이글라이콜, 1,2-헥산다이올, 폴리아크릴레이트크로스폴리머-6, 살리실릭애씨드, 소듐폴리아크릴로일다이메틸타우레이트, 트로메타민, 암모늄아크릴로일다이메틸타우레이트/브이피코폴리머, 베타인, 하이드록시에틸셀룰로오스, 락토바실러스발효물, 에틸헥실글리세린, 다이소듐이디티에이, 부틸렌글라이콜, 펜틸렌글라이콜, 글라이콜릭애씨드, 글리세린, 다이소듐포스페이트, 폴리솔베이트60, 카프릴릴글라이콜, 소듐포스페이트, 라우릴글루코사이드, 토코페롤, 카프릴릭/카프릭트라이글리세라이드, 하이드로제네이티드레시틴, 소나무잎추출물, 다이메틸설폰, 다이포타슘글리시리제이트, 티트리잎오일, 석시닉애씨드, 도둑놈의지팡이뿌리추출물, 탱자추출물, 삼백초잎/뿌리추출물, 육계나무껍질추출물"
2026-08-13 06:48:26.843494+00,32,https://image.oliveyoung.co.kr/cfimages/cf-goods/uploads/images/thumbnails/10/0000/0026/A00000026106502ko.png,셀리맥스 더 비타 A 레티날 샷 타이트닝 듀얼 크림 50ml,셀리맥스,CREAM,"(1제) 정제수, 글리세린, 다이메티콘, 카프릴릭/카프릭트라이글리세라이드, 부틸렌글라이콜, 세테아릴알코올, 나이아신아마이드, 1,2-헥산다이올, 세테아릴올리베이트, 합성비즈왁스, 소듐폴리아크릴레이트, 다이아이소스테아릴말레이트, 솔비탄올리베이트, 글리세릴스테아레이트, 카보머, 알지닌, 토코페롤, 레시틴, 에틸헥실글리세린, 잔탄검, 레틴알(0.05%), 아데노신, 소듐락테이트, 하이드롤라이즈드해면, 다이소듐이디티에이, 폴리솔베이트20, 아스코빅애씨드, 팔미토일트라이펩타이드-1, 팔미토일테트라펩타이드-7 (2제) 정제수, 글리세린, 다이메티콘, 판테놀, 카프릴릭/카프릭트라이글리세라이드, 세테아릴알코올, 나이아신아마이드, 부틸렌글라이콜, 1,2-헥산다이올, 세테아릴올리베이트, 합성비즈왁스, 소듐폴리아크릴레이트, 다이아이소스테아릴말레이트, 솔비탄올리베이트, 글리세릴스테아레이트, 구아이아줄렌, 카보머, 알지닌, 에틸헥실글리세린, 잔탄검, 아데노신, 다이소듐이디티에이"
2026-08-13 06:48:38.603791+00,33,https://image.oliveyoung.co.kr/cfimages/cf-goods/uploads/images/thumbnails/10/0000/0024/A00000024367750ko.jpg,[재구매율1위] 피지오겔 데일리뮨 앰플 20ml+20ml 기획,피지오겔,SERUM,"정제수, 다이프로필렌글라이콜, 프로판다이올, 아스코빅애씨드, 2,3-부탄다이올, 글리세린, 변성알코올, 판테놀, 글라이코실트레할로오스, 하이드로제네이티드스타치하이드롤리세이트, 1,2-헥산다이올, 솔비톨, 폴리글리세릴-10스테아레이트, 폴리글리세릴-10올리에이트, 알란토인, 마데카소사이드, 트레할로오스, 부틸렌글라이콜, 베티버뿌리오일, 덱스트린, 소듐하이알루로네이트, 잇꽃꽃추출물, 카카오씨추출물, 후추열매오일, 생강오일, 홍삼추출물, 영지버섯추출물, 토코페롤, 페룰릭애씨드, 스쿠알란, 카프릴릭/카프릭트라이글리세라이드, 세라마이드엔피, 하이드로제네이티드레시틴, 육계잎오일, 다마스크장미꽃오일, 돌콩오일, 다이소듐이디티에이, 트로메타민"
2026-08-13 06:48:48.970717+00,34,https://image.oliveyoung.co.kr/cfimages/cf-goods/uploads/images/thumbnails/10/0000/0024/A00000024579405ko.jpg,[화잘먹/단독기획] 폴라초이스 바하 리퀴드 엑스폴리언트 118ml 기획 (+바하 리퀴드 30ml),폴라초이스,ETC,"정제수, 프로필렌글라이콜, 나이아신아마이드, 펜틸렌글라이콜, 글리세린, 살리실릭애씨드(0.5%), 흰버드나무껍질추출물(0.5%), 피이지/피피지-17/6코폴리머, 폴리솔베이트20, 비스-피이지-18메틸에터다이메틸실레인, 소듐파이테이트, 10-하이드록시데카노익애씨드, 알란토인, 다이포타슘글리시리제이트, 카프릴릴글라이콜, 페녹시에탄올, 클로페네신, 소듐하이드록사이드, 1,2-헥산다이올, 소듐하이알루로네이트, 비에이치티"
2026-08-13 06:48:57.594699+00,35,https://image.oliveyoung.co.kr/cfimages/cf-goods/uploads/images/thumbnails/10/0000/0023/A00000023189227ko.png,[수지 PICK/단독기획] 아누아 피디알엔 히알루론산 100 수분 크림 60mL 2입 기획,아누아,CREAM,"정제수, 스쿠알란, 글리세린, 나이아신아마이드, 펜틸렌글라이콜, 1,2-헥산다이올, 소듐디엔에이(1,000ppm), 하이드롤라이즈드콜라겐(1,000ppm), 소듐하이알루로네이트(600ppm), 인도멀구슬나무잎추출물, 하이드롤라이즈드하이알루로닉애씨드(300ppm), 인도멀구슬나무꽃추출물, 아이비고드열매추출물, 하이알루로닉애씨드(100ppm), 알로에베라꽃추출물, 가지열매추출물, 홀리바질잎추출물, 참산호말추출물, 울금뿌리추출물, 병풀잎추출물, 다이페닐실록시페닐트라이메티콘, 피씨에이다이메티콘, 부틸렌글라이콜, 프로판다이올, 암모늄아크릴로일다이메틸타우레이트/브이피코폴리머, 다이글리세린, 하이드록시에틸아크릴레이트/소듐아크릴로일다이메틸타우레이트코폴리머, 아크릴레이트/C10-30알킬아크릴레이트크로스폴리머, C12-20알킬글루코사이드, 메틸프로판다이올, 에틸헥실글리세린, 아데노신, 소듐파이테이트, 아미노메틸프로판다이올, 피브이엠/엠에이코폴리머, 마데카소사이드, C12-13알케스-9, 다이메틸실란올하이알루로네이트(750ppb), 하이드롤라이즈드소듐하이알루로네이트(750ppb), 아시아티코사이드, 포타슘하이알루로네이트(500ppb), 하이드록시프로필트라이모늄하이알루로네이트(400ppb), 소듐하이알루로네이트크로스폴리머(400ppb), 소듐하이알루로네이트다이메틸실란올(250ppb), 소듐아세틸레이티드하이알루로네이트(200ppb), 베헤닐알코올, C14-22알코올, 카보머"
2026-08-13 06:49:10.176822+00,36,https://image.oliveyoung.co.kr/cfimages/cf-goods/uploads/images/thumbnails/10/0000/0021/A00000021960921ko.png,[대용량] 파티온 노스카나인 트러블 세럼 50ml 리필 기획(+리필40ml+크림10ml),파티온,SERUM,"정제수, 글리세린, 다이프로필렌글라이콜, 판테놀, 1,2-헥산다이올, 펜틸렌글라이콜, 소듐하이알루로네이트, 다이에톡시에틸석시네이트, 하이드록시에틸우레아, 아크릴레이트/C10-30알킬아크릴레이트크로스폴리머, 암모늄아크릴로일다이메틸타우레이트/브이피코폴리머, 트로메타민, 알란토인, 하이드록시아세토페논, 에틸헥실글리세린, 폴리글리세릴-10라우레이트, 석시닉애씨드, 잔탄검, 소듐헤파린, 쑥잎추출물, 병풀추출물, 사과추출물, 토코페롤, 카프릴릴/카프릴글루코사이드, 하이드로제네이티드레시틴, 세라마이드엔피"
2026-08-13 06:49:18.445559+00,37,https://image.oliveyoung.co.kr/cfimages/cf-goods/uploads/images/thumbnails/10/0000/0025/A00000025575219ko.jpg,[수분진정/세럼증정] 닥터지 레드블레미쉬 클리어 수딩크림 EX 70ml기획 (+30ml+세럼10ml*2ea),닥터지,SERUM," 정제수, 글리세린, 부틸렌글라이콜, 다이카프릴릴에터, 나이아신아마이드, 1,2-헥산다이올, 펜틸렌글라이콜, 소듐하이알루로네이트, 병풀잎추출물, 비피다발효여과물, 락토바실러스발효물, 병풀꽃/잎/줄기추출물, 병풀뿌리추출물, 병풀추출물, 효모발효여과물, 하이드로제네이티드폴리데센, 다이카프릴릴카보네이트, 하이드록시에틸아크릴레이트/소듐아크릴로일다이메틸타우레이트코폴리머, 판테놀, 아크릴레이트/C10-30알킬아크릴레이트크로스폴리머, 실리카, 트로메타민, 솔비톨, 글리세릴아크릴레이트/아크릴릭애씨드코폴리머, 에틸헥실글리세린, 트라이소듐에틸렌다이아민다이석시네이트, 알란토인, 다이프로필렌글라이콜, 토코페롤, 마데카소사이드, 폴리글리세릴-10라우레이트, 포스파티딜콜린, 하이드로제네이티드레시틴, 칼슘판토테네이트, 스쿠알란, 에리스리톨, 에틸헥실팔미테이트, 아시아티코사이드, 마데카식애씨드, 아시아틱애씨드, 트라이하이드록시스테아린, 세라마이드엔피, 다발방패버섯추출물, 잔탄검 [세럼] 정제수, 부틸렌글라이콜, 다이프로필렌글라이콜, 나이아신아마이드, 1,2-헥산다이올, 글리세린, 판테놀, 글리세레스-26, 하이드록시에틸셀룰로오스, 에리스리톨, 소듐폴리아크릴로일다이메틸타우레이트, 소듐하이알루로네이트(1,100 ppm), 알란토인, 에틸헥실글리세린, 카프릴릭/카프릭트라이글리세라이드, 바이오사카라이드검-1, 다이소듐이디티에이, 하이드로제네이티드레시틴, 베타인살리실레이트, 석시닉애씨드, 트로메타민, 효모발효여과물, 옥틸도데칸올, 폴리글리세릴-10라우레이트, 포스파티딜콜린, 아시아티코사이드(48 ppm), 병풀잎추출물(40 ppm), 마데카식애씨드(36 ppm), 아시아틱애씨드(36 ppm), 글라이코리피드, 세라마이드엔피, 베타-글루칸, 락토바실러스발효물, 락토바실러스/콩발효추출물, 류코노스톡/무발효여과물, 효모발효추출물, 팔미토일트라이펩타이드-5, 다발방패버섯추출물, 마데카소사이드(3.6 ppm), 병풀추출물(3.4 ppm), 하이드록시프로필트라이모늄하이알루로네이트(1 ppm), 토코페롤, 징크피씨에이, 헥사펩타이드-9"
2026-08-13 06:49:35.604021+00,38,https://image.oliveyoung.co.kr/cfimages/cf-goods/uploads/images/thumbnails/10/0000/0026/A00000026051508ko.jpg,[깡나마켓특가][베일리pick/단독기획] VT 피디알엔 리들샷 아이 리프터 15ml 리필기획 (+리필 15ml),VT,SERUM,"정제수, 글리세린, 프로판다이올, 카프릴릭/카프릭트라이글리세라이드, 시어버터, 나이아신아마이드, 폴리글리세릴-3다이스테아레이트, 카프릴릴메티콘, 부틸렌글라이콜다이카프릴레이트/다이카프레이트, 1,2-헥산다이올, 보론나이트라이드, 하이드록시아세토페논, 비닐다이메티콘, 하이드록시에틸아크릴레이트/소듐아크릴로일다이메틸타우레이트코폴리머, 폴리글리세릴-2스테아레이트, 부틸렌글라이콜, 암모늄아크릴로일다이메틸타우레이트/브이피코폴리머, 다이메티콘올, 글리세릴스테아레이트, 스테아릴알코올, 소듐폴리아크릴로일다이메틸타우레이트, 글리세릴스테아레이트시트레이트, 하이드로제네이티드폴리데센, 아데노신, 솔비탄아이소스테아레이트, 다이소듐이디티에이, 칼슘알지네이트, 젤란검, 아가, 티타늄디옥사이드, 마이카, 트라이데세스-10, 카프릴릴글라이콜, 블래더랙추출물, 꿀풀추출물, 적색산화철, 산양삼추출물, 실리카, 소듐디엔에이(3.45ppm), 하이드롤라이즈드콜라겐, 백설차잎추출물, 트라넥사믹애씨드, 글루타티온, 하이드로제네이티드레시틴, 금, 세테아릴알코올, 스테아릭애씨드, 병풀추출물, 하이드롤라이즈드엘라스틴, 소듐하이알루로네이트, 콜라겐추출물, 세라마이드엔피, 세라마이드엔에스, 콜레스테롤, 피토스핑고신, 하이드록시프로필트라이모늄하이알루로네이트, 에틸헥실글리세린, 세라마이드에이에스, 세라마이드에이피, 카퍼트라이펩타이드-1, 아세틸헥사펩타이드-8, 팔미토일펜타펩타이드-4, 하이드롤라이즈드하이알루로닉애씨드, 소듐아세틸레이티드하이알루로네이트, 하이알루로닉애씨드, 하이드롤라이즈드소듐하이알루로네이트, 소듐하이알루로네이트크로스폴리머, 소듐소이하이드롤라이즈드콜라겐, 수용성콜라겐, 콜라겐아미노산, 콜라겐, 징크하이드롤라이즈드콜라겐, 아시아티코사이드, 아시아틱애씨드, 마데카식애씨드, 마데카소사이드, 프로폴리스추출물, 포타슘하이알루로네이트, 에스에이치-올리고펩타이드-2, 에스에이치-올리고펩타이드-1, 에스에이치-폴리펩타이드-1, 에스에이치-폴리펩타이드-11, 에스에이치-폴리펩타이드-22, 에스에이치-폴리펩타이드-3, 에스에이치-폴리펩타이드-16, 에스에이치-폴리펩타이드-9, 에스에이치-폴리펩타이드-62, 세라마이드이오피"
2026-08-13 06:49:52.322195+00,39,https://image.oliveyoung.co.kr/cfimages/cf-goods/uploads/images/thumbnails/10/0000/0023/A00000023085436ko.jpg,[나이아신아마이드] 리덴스 톤앤스팟 코렉터 앰플 30ml 더블기획,리덴스,SERUM,"정제수, 부틸렌글라이콜, 나이아신아마이드, 글리세린, 하이드로제네이티드폴리데센, 다이프로필렌글라이콜, 옥틸도데칸올, 프로판다이올, 1,2-헥산다이올, 락토바실러스발효물, 세테아릴올리베이트, 하이드록시아세토페논, 솔비탄올리베이트, 카보머, 트로메타민, 아이비고드열매추출물, 한련초추출물, 펜틸렌글라이콜, 에틸헥실글리세린, 아크릴레이트/C10-30알킬아크릴레이트크로스폴리머, 아데노신, 비파나무잎추출물, 다이소듐이디티에이, 마데카소사이드, 인도멀구슬나무꽃추출물, 홀리바질잎추출물, 데실글루코사이드, 서인도체리열매추출물, 스피어민트추출물, 티옥틱애씨드, 인도멀구슬나무잎추출물, 판테놀, 카프릴릴글라이콜, 울금뿌리추출물, 참산호말추출물, 소듐하이알루로네이트, 하이알루로닉애씨드, 하이드롤라이즈드하이알루로닉애씨드, 글루타티온, 카프릴릭/카프릭트라이글리세라이드, 하이드로제네이티드레시틴, 아스코빅애씨드, 브로멜라인, 에피갈로카테킨갈레이트, 헤스페리딘, 토코페롤, 해바라기씨오일, 비타민나무열매추출물, 폴리글리세릴-10올리에이트, 소듐디엔에이, 아세틸헥사펩타이드-8, 하이드록시데실유비퀴논"
2026-08-13 06:50:04.305054+00,40,https://image.oliveyoung.co.kr/cfimages/cf-goods/uploads/images/thumbnails/10/0000/0015/A00000015861506ko.jpg,[트러블모공] 디오디너리 나이아신아마이드 10% + 징크 1% 60ml,디오디너리,ETC,"정제수, 나이아신아마이드(10%), 펜틸렌글라이콜, 징크피씨에이(징크로서,1%), 다이메틸아이소소바이드, 타마린드씨검, 잔탄검, 아이소세테스-20, 에톡시다이글라이콜, 페녹시에탄올, 클로페네신"
2026-08-13 06:50:10.709219+00,41,https://image.oliveyoung.co.kr/cfimages/cf-goods/uploads/images/thumbnails/10/0000/0025/A00000025829305ko.jpg,[NEW] 토리든 다이브인 저분자 히알루론산 토너 300ml 기획 (+100ml),토리든,TONER,"정제수, 부틸렌글라이콜, 다이프로필렌글라이콜, 1,2-헥산다이올, 글리세린, 베타인, 알란토인, 판테놀, 소듐하이알루로네이트크로스폴리머, 소듐하이알루로네이트, 소듐아세틸레이티드하이알루로네이트, 하이드롤라이즈드소듐하이알루로네이트, 하이드롤라이즈드하이알루로닉애씨드(200ppm), 엑토인, 감초추출물, 2,3-부탄다이올, 쇠비름추출물, 트레할로오스, 알지닌, 펜틸렌글라이콜, 말라카이트추출물, 다이소듐이디티에이, 에틸헥실글리세린"
2026-08-13 06:50:18.743169+00,42,https://image.oliveyoung.co.kr/cfimages/cf-goods/uploads/images/thumbnails/10/0000/0020/A00000020722536ko.jpg,[8월올영픽/트러블진정세럼] 넘버즈인 1번 판토텐산 액티브업 수딩세럼 50ml 리필기획 (50ml+50ml),넘버즈인,SERUM,"정제수,부틸렌글라이콜,나이아신아마이드,글리세린,다이프로필렌글라이콜,1,2-헥산다이올,판테놀,도둑놈의지팡이뿌리추출물,아크릴레이트/C10-30알킬아크릴레이트크로스폴리머,프로판다이올,다이에톡시에틸석시네이트,트로메타민,하이드로제네이티드레시틴,암모늄아크릴로일다이메틸타우레이트/브이피코폴리머,베타인,판토테닉애씨드,트레할로오스,에틸헥실글리세린,글리세릴올리에이트,소듐파이테이트,알란토인,알파-알부틴,약모밀추출물,라우릴글루코사이드,미리스틸글루코사이드,폴리글리세릴-6라우레이트,징크피씨에이,인도멀구슬나무잎추출물,토코페롤,감초뿌리추출물,인도멀구슬나무꽃추출물,아이비고드열매추출물,병풀추출물,소듐하이알루로네이트,시트릭애씨드,가지열매추출물,베타-글루칸,홀리바질잎추출물,하이알루로닉애씨드,데실글루코사이드,울금뿌리추출물,참산호말추출물,다이포타슘글리시리제이트,하이드롤라이즈드하이알루로닉애씨드,호호바씨오일,녹차추출물,병풀잎추출물,오카무라큰실말추출물,흰버드나무껍질추출물,소듐아세틸레이티드하이알루로네이트,커피콩추출물,베타-시토스테롤,폴리글리세릴-10스테아레이트,베르가모트잎추출물,소나무잎추출물"
2026-08-13 06:50:31.063291+00,43,https://image.oliveyoung.co.kr/cfimages/cf-goods/uploads/images/thumbnails/10/0000/0023/A00000023020658ko.png,[1+1] 이니스프리 비타민C 캡슐 세럼 30ml 더블 기획,이니스프리,SERUM,"정제수, 프로판다이올, 1,2-헥산다이올, 글리세린, 3-O- 에틸아스코빅애씨드(20,000 ppm), 부틸렌글라이콜, 락토바실러스발효용해물, 스쿠알란, 해바라기씨오일, 덱스트린, 아크릴레이트/C10-30알킬아크릴레이트크로스폴리머, 카프릴릭/카프릭트라이글리세라이드, 트로메타민, 잔탄검, 글루코노락톤, 만다린껍질추출물, 판테놀, 나이아신아마이드, 알란토인, 당근추출물,하이알루로닉애씨드, 펜틸렌글라이콜, 소듐메타포스페이트, 실리카다이메틸실릴레이트, 사이클로덱스트린, 토코페롤, 에틸헥실글리세린, 마데카소사이드, 하이드로제네이티드폴리(C6-20올레핀), 프로테아제(150 ppm), 아스코빌테트라이소팔미테이트(100 ppm), 글루타티온, 서양톱풀추출물, 에이치디아이/트라이메틸올헥실락톤크로스폴리머, 베타-카로틴, 페룰릭애씨드"
2026-08-13 06:50:41.002229+00,44,https://image.oliveyoung.co.kr/cfimages/cf-goods/uploads/images/thumbnails/10/0000/0018/A00000018918171ko.jpg,[수부지토너]브링그린 티트리 시카 수딩 토너 (500ml/250ml),브링그린,TONER,"정제수, 다이프로필렌글라이콜, 1,2-헥산다이올, 부틸렌글라이콜, 티트리추출물, 티트리잎수, 베타인, 판테놀, 티트리잎추출물, 옥틸도데세스-16, 소듐시트레이트, 시트릭애씨드, 티트리잎오일, 티트리꽃/잎/줄기추출물, 베타인살리실레이트, 병풀추출물, 잔탄검"
2026-08-13 06:50:48.086031+00,45,https://image.oliveyoung.co.kr/cfimages/cf-goods/uploads/images/thumbnails/10/0000/0025/A00000025829511ko.jpg,[NEW/단독기획] 토리든 다이브인 저분자 히알루론산 수딩 크림 100ml (+20ml),토리든,CREAM,"정제수, 부틸렌글라이콜, 글리세린, 1,2-헥산다이올, 하이드로제네이티드다이데센, 카프릴릭/카프릭트라이글리세라이드, 판테놀, 소듐하이알루로네이트, 소듐하이알루로네이트크로스폴리머, 하이드롤라이즈드소듐하이알루로네이트, 소듐아세틸레이티드하이알루로네이트, 하이드롤라이즈드하이알루로닉애씨드(500ppm), 알란토인, 엑토인, 감초추출물, 트레할로오스, 버지니아풍년화추출물, 글리세릴아크릴레이트/아크릴릭애씨드코폴리머, 피브이엠/엠에이코폴리머, 하이드록시에틸아크릴레이트/소듐아크릴로일다이메틸타우레이트코폴리머, 2,3-부탄다이올, 세테아릴알코올, C14-22알코올, C12-20알킬글루코사이드, 펜틸렌글라이콜, 솔비탄아이소스테아레이트, 카프릴릴메티콘, 클레리추출물, 라벤더꽃추출물, 히아신스전초추출물, 마트리카리아꽃추출물, 수레국화꽃추출물, 보리지추출물, 다이소듐이디티에이, 카보머, 트로메타민, 잔탄검, 글루타티온, 말라카이트추출물, 글루코닉애씨드, 에틸헥실글리세린"
2026-08-13 06:50:58.853806+00,46,https://image.oliveyoung.co.kr/cfimages/cf-goods/uploads/images/thumbnails/10/0000/0020/A00000020289366ko.jpg,[역대급증정/수분충전/쿨링진정] 에스네이처 아쿠아 오아시스 수분 젤크림 90ml 기획 (+카밍패드 2매),에스네이처,CREAM,"정제수, 글리세린, 부틸렌글라이콜, 1,2-헥산다이올, 블루아가베잎추출물, 알란토인, 소듐하이알루로네이트, 하이드록시프로필트라이모늄하이알루로네이트, 하이드롤라이즈드하이알루로닉애씨드, 소듐아세틸레이티드하이알루로네이트, 하이알루로닉애씨드, 하이드롤라이즈드소듐하이알루로네이트, 소듐하이알루로네이트크로스폴리머, 포타슘하이알루로네이트, 알지닌, 메틸트라이메티콘, 에틸헥실글리세린, 암모늄아크릴로일다이메틸타우레이트/브이피코폴리머, 하이드록시에틸아크릴레이트/소듐아크릴로일다이메틸타우레이트코폴리머, 아크릴레이트/C10-30알킬아크릴레이트크로스폴리머, 하이드로제네이티드폴리(C6-14올레핀), 메틸다이아이소프로필프로피온아마이드, 다이메티콘/비닐다이메티콘크로스폴리머, 솔비탄아이소스테아레이트,  정제수, 프로판다이올, 부틸렌글라이콜, 판테놀(30,000ppm), 다이프로필렌글라이콜, 글리세릴글루코사이드, 소듐피씨에이 베타인, 알란토인(1,500ppm), 글루코노락톤, 글리세린, 소듐하이알루로네이트, 사카라이드아이소머레이트, 보검선인장줄기추출물, 하이드록시프로필트라이모늄하이알루로네이트, 하이드롤라이즈드하이알루로닉애씨드, 소듐아세틸레이티드하이알루로네이트, 하이알루로닉애씨드, 하이드롤라이즈드소듐하이알루로네이트, 소듐하이알루로네이트크로스폴리머, 포타슘하이알루로네이트, 탱자추출물, 다이포타슘글리시리제이트, 효모발효물, 락토바실러스발효물, 에틸헥실글리세린, 카프릴릴글라이콜, 트로메타민, 1,2-헥산다이올, 소듐파이테이트, 하이드록시아세토페논, 글리세릴아크릴레이트/아크릴릭애씨드코폴리머, 피브이엠/엠에이코폴리머"
2026-08-13 06:51:11.702745+00,47,https://image.oliveyoung.co.kr/cfimages/cf-goods/uploads/images/thumbnails/10/0000/0024/A00000024508714ko.jpg,[장원영PICK] 닥터엘시아 345 릴리프 크림 50ml 기획 (+10ml*2ea+튜브링거),닥터엘시아,CREAM,"정제수, 티트리잎수, 프로판다이올, 글리세린, 1,2-헥산다이올, 하이드로제네이티드폴리데센, 비닐다이메티콘, C14-22알코올, 카프릴릭/카프릭트라이글리세라이드, 나이아신아마이드, 판테놀, 다이카프릴릴카보네이트, 부틸렌글라이콜, 암모늄아크릴로일다이메틸타우레이트/브이피코폴리머, 카프릴릴메티콘, 폴리메틸실세스퀴옥세인, C12-20알킬글루코사이드, 하이드록시아세토페논, 아크릴레이트/C10-30알킬아크릴레이트크로스폴리머, 폴리쿼터늄-51, 에틸헥실글리세린, 트로메타민, 소듐하이알루로네이트, 소듐스테아로일글루타메이트, 황련뿌리추출물, 병풀잎수, 베타-글루칸, 레스베라트롤, 하이드롤라이즈드하이알루로닉애씨드, 녹차수, 토코페롤, 마데카소사이드, 소듐디엔에이, 병풀추출물, 세라마이드엔피, 탄닉애씨드, 다이소듐이디티에이, 소듐파이테이트"
2026-08-13 06:51:21.890729+00,48,https://image.oliveyoung.co.kr/cfimages/cf-goods/uploads/images/thumbnails/10/0000/0015/A00000015525329ko.png,[수분진정] 아비브 어성초 카밍 토너 스킨부스터 더블 기획 (200ml+200ml),아비브,TONER,"정제수, 글리세린, 부틸렌글라이콜, 펜틸렌글라이콜, 베타인, 1,2-헥산다이올, 자일리톨, 약모밀추출물(3,500 ppm), 판테놀, 에틸헥실글리세린, 소듐하이알루로네이트, 비피다발효용해물, 돌콩추출물, 다이소듐이디티에이, 하이드롤라이즈드하이알루로닉애씨드, 잔탄검, 옥탄다이올, 병풀추출물, 토코페롤, 인동덩굴꽃추출물, 황금추출물, 바이오사카라이드검-4, 파스향나무잎추출물"
2026-08-13 06:51:29.988689+00,49,https://image.oliveyoung.co.kr/cfimages/cf-goods/uploads/images/thumbnails/10/0000/0022/A00000022449419ko.jpg,[조유리 PICK/트러블1등] 셀라딕스 트러블 세범 리밸런싱 131 앰플 30ml,셀라딕스,SERUM,"정제수,다이프로필렌글라이콜,부틸렌글라이콜,글리세레스-26,나이아신아마이드,글리세린,베타인,피토스테롤,세라마이드엔피,스쿠알란,라우릭애씨드,아라키딕애씨드,베헤닉애씨드,베타-글루칸,참오동나무잎추출물,육계나무껍질추출물,생달나무잎추출물,녹나무잎추출물,월계수잎추출물,고수추출물,유칼립투스잎추출물,황금추출물,후박나무가지추출물,1,2-헥산다이올,폴리글리세릴-10라우레이트,폴리글리세릴-10미리스테이트,하이드록시아세토페논,판테놀,아데노신,다이소듐이디티에이,소듐하이알루로네이트,잔탄검,소듐폴리아크릴레이트,에틸헥실글리세린,베르가모트오일,라반딘오일,오렌지껍질오일,라벤더오일,발삼아미리스껍질오일,바질오일,리모넨,리날룰"
2026-08-13 06:51:40.621508+00,50,https://image.oliveyoung.co.kr/cfimages/cf-goods/uploads/images/thumbnails/10/0000/0025/A00000025010322ko.jpg,[8월올영픽/색소침착 / 진정장벽케어]이지듀 EGFx 다운타임 크림 60ml 기획(+오인트 겔 5ml),이지듀,CREAM,"스트렙토코쿠스 테르모필루스발효추출여과물, 정제수, 글리세린, 부틸렌글라이콜, 카프릴릭/카프릭트라이글리세라이드, 올리브오일, 시어버터, 1,2-헥산다이올, 세틸에틸헥사노에이트,나이아신아마이드, 세테아릴알코올, 펜틸렌글라이콜, 타피오카전분, 편백오일, 살비아오일, 불가리스쑥오일, 바질오일, 병풀추출물, 하이드롤라이즈드콜라겐, 하이드롤라이즈드하이알루로닉애씨드,퀸즈랜드넛오일, 다이메티콘, 글리세릴스테아레이트, 피이지-100스테아레이트, 솔비탄세스퀴올리에이트, 폴리솔베이트60, 비즈왁스, 팔미틱애씨드, 다이글리세린, 하이드록시에틸아크릴레이트/소듐아크릴로일다이메틸타우레이트코폴리머, 피토스테릴/베헤닐/옥틸도데실라우로일글루타메이트,스테아릭애씨드, 판테놀, 소듐아크릴레이트/소듐아크릴로일다이메틸타우레이트코폴리머, 프로판다이올, 에틸헥실글리세린, 아이소헥사데칸, 아데노신, 소듐파이테이트, 폴리솔베이트80, 하이드로제네이티드레시틴, 폴리글리세릴-10올리에이트, 솔비탄올리에이트, 니코틴아마이드모노뉴클레오타이드, 니코틴아마이드아데닌다이뉴클레오타이드, 소듐스테아로일글루타메이트, 토코페롤,아데노신트라이포스페이트, 라우로일라이신, 소듐아스코빌포스페이트, 세라마이드엔피, 하이드롤라이즈드엘라스틴, 소듐디엔에이, 에스에이치-올리고펩타이드-1(1ppm), 콜레스테롤, 엑토인, 소듐클로라이드 , 소듐락테이트, 메틸글루카민, 스쿠알란, 알루미늄수크로오스옥타설페이트, 유채스테롤,소듐서팩틴, 포타슘클로라이드, 칼슘클로라이드, 셀룰로오스, 마그네슘클로라이드, 에탄올, 다이소듐이디티에이"
2026-08-13 06:51:55.644904+00,51,https://image.oliveyoung.co.kr/cfimages/cf-goods/uploads/images/thumbnails/10/0000/0025/A00000025955521ko.png,[26년 신형/보습광채] 달바 퍼스트 스프레이 세럼 펩타이드 100ml 더블기획,달바,SERUM,"정제수, 부틸렌글라이콜, 글리세레스-26, 에톡시다이글라이콜, 나이아신아마이드, 폴리프로필실세스퀴옥세인, 해바라기씨오일, 흰서양송로수, 다이프로필렌글라이콜, 1,2-헥산다이올, 솔비톨, 하이드록시에틸우레아, 아보카도오일, 바질꽃/잎/줄기추출물, 멕시칸치아씨추출물, 다이펩타이드-15, 흰서양송로추출물, 베타인, 귀리커넬추출물, 다이소듐이디티에이, 아데노신, 돌콩오일, 알지닌, 카보머, 다이포타슘글리시리제이트, 하이드롤라이즈드하이알루로닉애씨드, 아나토씨오일, 글리세린, 소듐팔미토일프롤린, 데이지꽃추출물, 프리지아추출물, 약모밀추출물, 에델바이스추출물, 마돈나백합꽃추출물, 뽕나무껍질추출물, 연꽃추출물, 인삼추출물, 스노우로투스추출물, 비피다발효용해물, 포타슘솔베이트, 알바수련꽃추출물, 하이드록시아세토페논, 카프릴릴글라이콜, 토코페릴아세테이트, 토코페롤, 향료, 리날룰, 헥실신남알, 리모넨, 시트로넬올"
2026-08-13 06:52:07.98688+00,52,https://image.oliveyoung.co.kr/cfimages/cf-goods/uploads/images/thumbnails/10/0000/0024/A00000024849808ko.png,[단독기획] 아누아 어성초 77 히알루론산 수분 진정 토너 350ml 리필 기획세트 (+350ml 리필팩),아누아,TONER,"약모밀꽃/잎/줄기수(77%), 정제수, 1,2-헥산다이올, 글리세린, 글리세레스-26, 베타인, 펜틸렌글라이콜, 소듐시트레이트, 아이소펜틸다이올, 에틸헥실글리세린, 다이포타슘글리시리제이트, 시트릭애씨드, 아크릴레이트/C10-30알킬아크릴레이트크로스폴리머, 트로메타민, 판테놀, 소듐파이테이트, 알란토인, 소듐하이알루로네이트(1.1ppm), 약모밀소포(750ppb), 하이드롤라이즈드소듐하이알루로네이트(100.1ppb), 징크피씨에이, 하이드록시프로필트라이모늄하이알루로네이트(100ppb), 락토바실러스발효물, 소듐아세틸레이티드하이알루로네이트(10ppb), 하이드롤라이즈드하이알루로닉애씨드(10ppb), 아이소쿼시트린, 쿼세틴, 하이알루로닉애씨드(2.5ppb), 소듐하이알루로네이트크로스폴리머(1ppb), 포타슘하이알루로네이트(0.2ppb)"
2026-08-13 06:52:17.014353+00,53,https://image.oliveyoung.co.kr/cfimages/cf-goods/uploads/images/thumbnails/10/0000/0024/A00000024842602ko.png,[NEW/리뉴얼] 아누아 어성초 77 히알루론산 수분 진정 로션 200ml,아누아,LOTION,"약모밀꽃/잎/줄기수(77%), 글리세린, 에틸헥실스테아레이트, 1,2-헥산다이올, 글리세릴스테아레이트시트레이트, 메틸프로판다이올, 백미꽃추출물, 접시꽃추출물, 메틸트라이메티콘, 펜틸렌글라이콜, 하이드로제네이티드폴리(C6-14올레핀), 부틸렌글라이콜, 정제수, 암모늄아크릴로일다이메틸타우레이트/브이피코폴리머, 글리세릴스테아레이트, 폴리글리세릴-3다이스테아레이트, 베타인, 글리세릴글루코사이드, 하이드로제네이티드레시틴, 트로메타민, 소듐스테아로일글루타메이트, 에틸헥실글리세린, 다이포타슘글리시리제이트, 소듐파이테이트, 베타-글루칸, 토코페롤, 하이드롤라이즈드하이알루로닉애씨드(1.5ppb), 하이알루로닉애씨드(1ppb), 소듐하이알루로네이트(1ppb), 다이메틸실란올하이알루로네이트(1.5ppb), 하이드롤라이즈드소듐하이알루로네이트(1.5ppb), 포타슘하이알루로네이트(1ppb), 하이드록시프로필트라이모늄하이알루로네이트(0.8ppb), 소듐하이알루로네이트크로스폴리머(0.8ppb), 소듐하이알루로네이트다이메틸실란올(0.5ppb), 소듐아세틸레이티드하이알루로네이트(0.4ppb), 판테놀, 쿼세틴, 아이소쿼시트린, 약모밀소포(0.1ppb), 카보머"
2026-08-13 06:52:27.414261+00,54,https://image.oliveyoung.co.kr/cfimages/cf-goods/uploads/images/thumbnails/10/0000/0022/A00000022655374ko.jpg,[수부지크림/유수분밸런스] 브링그린 티트리 시카 수딩 크림 플러스 100ml (2입/단품),브링그린,CREAM,"정제수, 부틸렌글라이콜, 스쿠알란, 티트리잎수, 프로판다이올, 1,2-헥산다이올, 나이아신아마이드, 펜틸렌글라이콜, 폴리글리세릴-3메틸글루코오스다이스테아레이트, 다이글리세린, 티트리추출물, 티트리잎추출물, 병풀추출물, 티트리꽃/잎/줄기추출물, 티트리잎오일, 하이드록시에틸아크릴레이트/소듐아크릴로일다이메틸타우레이트코폴리머, 폴리메틸실세스퀴옥세인, 아크릴레이트/C10-30알킬아크릴레이트크로스폴리머, 트로메타민, 솔비탄아이소스테아레이트, 마데카소사이드, 토코페롤, 에틸헥실글리세린"
2026-08-13 06:52:35.398636+00,55,https://image.oliveyoung.co.kr/cfimages/cf-goods/uploads/images/thumbnails/10/0000/0018/A00000018983728ko.png,[흔적미백] 넘버즈인 5번 글루타치온C 흔적 앰플 30ml+30ml 듀오기획,넘버즈인,SERUM,"정제수, 부틸렌글라이콜, 나이아신아마이드(50,000 ppm), 판테놀(50,000 ppm), 트라넥사믹애씨드(40,000 ppm), 1,2-헥산다이올, 네오펜틸글라이콜다이카프레이트, 카프릴릭/카프릭트라이글리세라이드, 솔비톨, 월귤추출물, 아이리쉬모스추출물, 시어버터, 사탕수수추출물, 알파-알부틴, 비피다발효용해물, 소듐하이알루로네이트, 인도멀구슬나무꽃추출물, 홀리바질잎추출물, 인도멀구슬나무잎추출물, 울금뿌리추출물, 참산호말추출물, 흰목이버섯추출물, 펜틸렌글라이콜, 글리세린, 3-O-에틸아스코빅애씨드(2,000 ppm), 비사보롤, 트로메타민, 에틸헥실글리세린, 아데노신, 하이드로제네이티드레시틴, 알란토인, 글루타티온(100 ppm), 세라마이드엔피, 베타-글루칸, 다이포타슘글리시리제이트, 토코페롤, 아스코빅애씨드(1 ppb), 아스코빌글루코사이드(1 ppb), 토코페릴아세테이트, 하이드록시프로필사이클로덱스트린, 유비퀴논, 티옥틱애씨드, 포타슘하이드록사이드, 베헤닐알코올, 카보머, 잔탄검, 다이소듐이디티에이"
2026-08-13 06:52:47.346316+00,56,https://image.oliveyoung.co.kr/cfimages/cf-goods/uploads/images/thumbnails/10/0000/0020/A00000020690409ko.jpg,[손상장벽집중케어] 라로슈포제 시카플라스트 밤 B5+ 100ml 기획 (+3ml 추가증정),라로슈포제,CREAM,정제수 하이드로제네이티드폴리아이소부텐 다이메티콘 글리세린 시어버터 판테놀 옥수수전분 프로판다이올 부틸렌글라이콜 세틸피이지/피피지-10/1다이메티콘 트라이하이드록시스테아린 병풀잎추출물 야콘뿌리즙 징크글루코네이트 마데카소사이드 망가니즈글루코네이트 알파-글루칸올리고사카라이드 실리카 알루미늄하이드록사이드 마그네슘설페이트 만노오스 카프릴로일글라이신 카프릴릴글라이콜 비트레오스실라발효물 시트릭애씨드 트라이소듐에틸렌다이아민다이석시네이트 락토바실러스 아세틸레이티드글라이콜스테아레이트 말토덱스트린 폴리글리세릴-4아이소스테아레이트 토코페롤 펜타에리스리틸테트라-다이-t-부틸하이드록시하이드로신나메이트 티타늄디옥사이드
2026-08-13 06:52:52.210446+00,57,https://image.oliveyoung.co.kr/cfimages/cf-goods/uploads/images/thumbnails/10/0000/0022/A00000022521701ko.jpg,더마팩토리 나이아신아마이드 20% 세럼 30ml,더마팩토리,SERUM,"다마스크장미꽃수, 나이아신아마이드, 글리세린, 부틸렌글라이콜, 1,2-헥산다이올, 아크릴레이트/C10-30알킬아크릴레이트크로스폴리머, 에틸헥실글리세린, 트로메타민, 잔탄검, 다이소듐이디티에이"
2026-08-13 06:52:58.872725+00,58,https://image.oliveyoung.co.kr/cfimages/cf-goods/uploads/images/thumbnails/10/0000/0025/A00000025883410ko.jpg,에스트라 아토베리어365 하이드로 수딩크림 80ml 기획 (+수딩크림 10ml+클렌징폼 30g),에스트라,CREAM,"정제수, 글리세린, 부틸렌글라이콜, 다이메티콘, 스쿠알란, 1,2-헥산다이올, 베타인, 세테아릴알코올, 암모늄아크릴로일다이메틸타우레이트/브이피코폴리머, 하이드로제네이티드쌀겨오일, 하이드로제네이티드레시틴, 폴리글리세릴-3메틸글루코오스다이스테아레이트, 폴리아크릴레이트크로스폴리머-6, 만니톨, 세틸-피지하이드록시에틸팔미타마이드, 스테아릭애씨드, 에틸헥실글리세린, 글리세릴카프릴레이트, 프로판다이올, 글리세릴스테아레이트, 소듐메타포스페이트, 세라마이드엔피, 카보머, 팔미틱애씨드, 실리카, 징크클로라이드, 콜레스테롤, 베타-글루칸, 스핑고리피드, 소듐하이알루로네이트, 하이드록시프로필메틸셀룰로오스, 미리스틱애씨드, 프로필렌글라이콜, 라우릭애씨드, 토코페롤"
2026-08-13 06:53:10.508956+00,59,https://image.oliveyoung.co.kr/cfimages/cf-goods/uploads/images/thumbnails/10/0000/0023/A00000023158910ko.jpg,[대용량] 제로이드 수딩 크림 80ml + 50ml 기획,제로이드,CREAM,"정제수, 글리세린, 프로판다이올, 카프릴릭/카프릭트라이글리세라이드, 솔비탄스테아레이트, 세테아릴알코올, 잇꽃씨오일, 글리세릴스테아레이트, 스테아릭애씨드, 다이메티콘, 미리스토일/팔미토일옥소스테아라마이드/아라카마이드엠이에이, 메틸카프로오일타이로지네이트, 피토스테롤, 토코페릴아세테 이트, 비사보롤, 잔탄검, 소듐하이알루로네이트, 카보머, 알지닌, 1,2-헥산다이올, 카프릴릴글라이콜, 트로폴론"
2026-08-13 06:53:18.4597+00,60,https://image.oliveyoung.co.kr/cfimages/cf-goods/uploads/images/thumbnails/10/0000/0023/A00000023332249ko.jpg,[1+1/광채탄력] 닥터지 블랙스네일 크림 50ml 1+1 기획 +(15ml 추가 증정),닥터지,CREAM,"- 리뉴얼 적용 정제수, 글리세린, 다이프로필렌글라이콜, 세테아릴알코올, 사이클로펜타실록세인, 카프릴릭/카프릭트라이글리세라이드, 트라이에틸헥사노인, 하이드로제네이티드폴리데센, 1,2-헥산다이올, 나이아신아마이드, 하이드로제네이티드폴리(C6-14올레핀), 사이클로헥사실록세인, 글리세릴스테아레이트에스이, 참마뿌리추출물, 카바카바잎/뿌리/줄기추출물, 우엉뿌리추출물, 진흙버섯추출물, 병풀추출물, 쇠비름추출물, 프로폴리스추출물, 하이드로제네이티드레시틴, 아르간커넬오일, 소듐하이알루로네이트, 다이메티콘, 세테아릴올리베이트, 부틸렌글라이콜, C12-16알코올, 글리세릴스테아레이트, 피이지-100스테아레이트, 마이크로크리스탈린셀룰로오스, 스쿠알란, 세테아릴글루코사이드, 메틸프로판다이올, 솔비탄올리베이트, 하이드록시에틸아크릴레이트/소듐아크릴로일다이메틸타우레이트코폴리머, 달팽이점액여과물(2,000ppm), 팔미틱애씨드, 하이드로제네이티드폴리아이소부텐, 베타인, 에탄올, 글라이코실트레할로오스, 셀룰로오스검, 아이소노닐아이소노나노에이트, 폴리글리세릴-10스테아레이트, 하이드롤라이즈드옥수수전분, 폴리솔베이트60, 에틸헥실글리세린, 하이드로제네이티드스타치하이드롤리세이트, 라피노오스, 스테아릭애씨드, 시어버터, 아데노신, 폴리글리세릴-2다이폴리하이드록시스테아레이트, 베타-글루칸, 다이소듐이디티에이, 레시틴, 솔비탄아이소스테아레이트, 수크로오스, 카라멜, 글루코오스, 이눌린라우릴카바메이트, 폴리쿼터늄-51, 프로필렌글라이콜, 다이소듐스테아로일글루타메이트, 바이오사카라이드검-1, 진주가루, 토코페롤, 향료, 페녹시에탄올, 리날룰, 벤질살리실레이트, 리모넨, 하이드록시시트로넬알, 제라니올 - 리뉴얼 미적용 정제수, 달팽이점액여과물, 다이프로필렌글라이콜, 글리세린, 세테아릴알코올, 사이클로펜타실록세인, 카프릴릭/카프릭트라이글리세라이드, 트라이에틸헥사노인, 하이드로제네이티드폴리데센, 나이아신아마이드, 하이드로제네이티드폴리(C6-14올레핀), 1,2-헥산다이올, 사이클로헥사실록세인, 글리세릴스테아레이트에스이, 카바카바잎/뿌리/줄기추출물, 참마뿌리추출물, 우엉뿌리추출물, 진흙버섯추출물, 쇠비름추출물, 프로폴리스추출물, 병풀추출물, 하이드로제네이티드레시틴, 아르간커넬오일, 소듐하이알루로네이트, 다이메티콘, C12-16알코올, 글리세릴스테아레이트, 세테아릴올리베이트, 솔비탄올리베이트, 마이크로크리스탈린셀룰로오스, 스쿠알란, 세테아릴글루코사이드, 메틸프로판다이올, 하이드록시에틸아크릴레이트/소듐아크릴로일다이메틸타우레이트코폴리머, 부틸렌글라이콜, 팔미틱애씨드, 하이드로제네이티드폴리아이소부텐, 베타인, 에탄올, 글라이코실트레할로오스, 셀룰로오스검, 아이소노닐아이소노나노에이트, 폴리글리세릴-10스테아레이트, 하이드롤라이즈드옥수수전분, 하이드로제네이티드스타치하이드롤리세이트, 라피노오스, 스테아릭애씨드, 시어버터, 아데노신, 폴리글리세릴-2다이폴리하이드록시스테아레이트, 베타-글루칸, 다이소듐이디티에이, 레시틴, 솔비탄아이소스테아레이트, 수크로오스, 카라멜, 글루코오스, 이눌린라우릴카바메이트, 폴리쿼터늄-51, 프로필렌글라이콜, 다이소듐스테아로일글루타메이트, 바이오사카라이드검-1, 진주가루, 피이지-100스테아레이트, 폴리솔베이트60, 향료, 에틸헥실글리세린, 펜틸렌글라이콜, 카프릴릴글라이콜, 리날룰, 벤질살리실레이트, 리모넨, 하이드록시시트로넬알, 제라니올"
2026-08-13 06:53:43.836449+00,61,https://image.oliveyoung.co.kr/cfimages/cf-goods/uploads/images/thumbnails/10/0000/0019/A00000019970189ko.jpg,[카디비PICK|탄력보습] 바이오힐보 프로바이오덤 3D리프팅 크림 50ml [단품/기획],바이오힐보,CREAM,"정제수, 락토바실러스발효용해물, 글리세린, 다이프로필렌글라이콜, 카프릴릭/카프릭트라이글리세라이드, 세테아릴알코올, 메도우폼씨오일, 글리세레스-26, 비닐다이메티콘, 하이드로제네이티드폴리(C6-14올레핀), 하이드로제네이티드폴리데센, 폴리글리세릴-3메틸글루코오스다이스테아레이트, 글리세릴스테아레이트, 베타인, 폴리글리세린-3, 1,2-헥산다이올, 세테아릴올리베이트, 펜틸렌글라이콜, 피토스테릴/베헤닐/옥틸도데실라우로일글루타메이트, 락토바실러스발효물, 프룩토올리고사카라이드, 프룩탄, 이눌린, 판테놀, 베타-글루칸, 아데노신, 사포닌, 수용성프로테오글리칸, 노나펩타이드-1, 아세틸테트라펩타이드-9, 아세틸테트라펩타이드-5, 아세틸헥사펩타이드-1, 아세틸헥사펩타이드-8, 팔미토일트라이펩타이드-8, 다이펩타이드다이아미노부티로일벤질아마이드다이아세테이트, 카퍼트라이펩타이드-1, 트라이펩타이드-1, 팔미토일테트라펩타이드-7, 팔미토일트라이펩타이드-1, 팔미토일트라이펩타이드-5, 팔미토일펜타펩타이드-4, 팔미토일헥사펩타이드-12, 펜타펩타이드-3, 헥사펩타이드-9, 올리고펩타이드-2, 맥아추출물, 참마뿌리추출물, 오일팜오일, 베헤닐알코올, 솔비탄올리베이트, 시어버터, 다이펜타에리스리틸헥사하이드록시스테아레이트/헥사스테아레이트/헥사로지네이트, 하이드로제네이티드채종유, 하이드록시아세토페논, 소듐폴리아크릴레이트, 하이드롤라이즈드호호바에스터, 피이지-100스테아레이트, 에틸헥실글리세린, 아크릴레이트/C10-30알킬아크릴레이트크로스폴리머, 잔탄검, 트로메타민, 부틸렌글라이콜, 말토덱스트린, 사이아노코발아민, 세틸에틸헥사노에이트, 프로판다이올, 세테아릴글루코사이드, 알진, 소듐스테아로일글루타메이트, 토코페롤, 바이오사카라이드검-4, 미네랄솔트, 하이드롤라이즈드옥수수전분, 소듐포스페이트, 카프릴릴글라이콜, 수크로오스, 덱스트란, 다이소듐포스페이트, 향료"
2026-08-13 06:53:59.302277+00,62,https://image.oliveyoung.co.kr/cfimages/cf-goods/uploads/images/thumbnails/10/0000/0023/A00000023966016ko.jpg,피지오겔 DMT 페이셜 보습 장벽 크림 150ml 기획(+토너 50ml),피지오겔,CREAM,"[피지오겔 DMT 페이셜 크림] 정제수, 카프릴릭/카프릭트라이글리세라이드, 글리세린, 펜틸렌글라이콜, 코코넛야자오일, 하이드로제네이티드레시틴, 시어버터, 하이드록시에틸셀룰로오스, 스쿠알란, 카보머, 잔탄검, 소듐카보머, 세라마이드엔피 [피지오겔 DMT 에센스 인 토너] 정제수, 다이프로필렌글라이콜, 글리세린, 1,2-헥산다이올, 헥실데실에틸헥사노에이트, 펜타에리스리틸테트라에틸헥사노에이트, 변성알코올, 베타인, 사이클로펜타실록세인, 아크릴레이트/C10-30알킬아크릴레이트크로스폴리머, 트로메타민, 다이메티콘, 피토스테롤, 소듐하이알루로네이트, 트라이소듐이디티에이, 세린, 소듐피씨에이, 하이드록시에틸우레아, 알지닌, 카프릴릭/카프릭트라이글리세라이드, 스쿠알란"
2026-08-13 06:54:08.70481+00,63,https://image.oliveyoung.co.kr/cfimages/cf-goods/uploads/images/thumbnails/10/0000/0020/A00000020399203ko.jpg,라끄베르 옴므 리차지 올인원 에센스 150ml 1+1 기획,라끄베르,SERUM,"정제수, 글리세린, 1,2-헥산다이올, 다이프로필렌글라이콜, 에틸아이소스테아레이트, 글리세레스-26, 나이아신아마이드, 비스-피이지-18메틸에터다이메틸실레인, 하이드로제네이티드폴리데센, 아크릴레이트/C10-30알킬아크릴레이트크로스폴리머, 트로메타민, 마카뿌리추출물, 잔탄검, 변성알코올, 아데노신, 트라이소듐이디티에이, 솔비톨, 귤껍질추출물, 조류추출물, 페녹시에탄올, 포타슘솔베이트, 향료, 리날룰, 리모넨, 벤질벤조에이트, 알파-아이소메틸아이오논"
2026-08-13 06:54:17.323285+00,64,https://image.oliveyoung.co.kr/cfimages/cf-goods/uploads/images/thumbnails/10/0000/0025/A00000025077324ko.jpg,[화잘먹] 넘버즈인 3번 보들보들 모공결 세럼 30ml 더블 기획,넘버즈인,SERUM,"비피다발효용해물, 갈락토미세스발효여과물, 부틸렌글라이콜, 메틸글루세스-20, 정제수, 나이아신아마이드, 피이지-90, 1,2-헥산다이올, 글리세린, 스쿠알란, 알테로모나스발효추출물, 실크추출물, 염소유추출물, 락토바실러스발효용해물, 바쿠치올, 하이드로제네이티드레시틴, 소듐하이알루로네이트, 판테놀, 아데노신, 글리세레스-26, 잔탄검, 다이포타슘글리시리제이트, 코직애씨드, 폴리글리세릴-3다이스테아레이트, 글리세릴스테아레이트에스이, 글리세릴스테아레이트시트레이트, 폴리글리세릴-3메틸글루코오스다이스테아레이트, 카보머, 트로메타민, 알란토인, 에틸헥실글리세린, 카프릴릴글라이콜, 트로폴론, 다이소듐이디티에이"
2026-08-13 06:54:27.039353+00,65,https://image.oliveyoung.co.kr/cfimages/cf-goods/uploads/images/thumbnails/10/0000/0021/A00000021257010ko.jpg,바이오더마 시카비오 크림+ 100ml 기획 (크림 + 40ml 본품 추가 증정),바이오더마,CREAM,"정제수, 카프릴릭/카프릭트라이글리세라이드, 글리세린, 폴리글리세릴-3폴리리시놀리에이트, 유채씨오일, 부틸렌글라이콜, 타피오카전분, 하이드로제네이티드유채씨오일, 자일로오스, 폴리글리세릴-3다이아이소스테아레이트, 호호바씨오일, 마그네슘설페이트, 펜틸렌글라이콜, 스쿠알란, 1,2-헥산다이올, 카프릴릴글라이콜, 소듐폴리글루타메이트, 소듐시트레이트, 잔탄검, 소듐하이알루로네이트, 토코페롤, 만니톨, 람노오스, 자일리톨, 아세틸다이펩타이드-1세틸에스터, 해바라기씨오일, 시트릭애씨드, 프룩토올리고사카라이드"
2026-08-13 06:54:36.440913+00,66,https://image.oliveyoung.co.kr/cfimages/cf-goods/uploads/images/thumbnails/10/0000/0024/A00000024768616ko.jpg,[NEW/화잘먹/비타속광] 오우즈너리 비타3 세럼 50ml,오우즈너리,SERUM,"정제수, 글리세린, 부틸렌글라이콜, 다이프로필렌글라이콜, 다이글리세린, 나이아신아마이드, 1,2-헥산다이올, 베타인, C12-14파레스-12, 아크릴레이트/C10-30알킬아크릴레이트크로스폴리머, 트로메타민, 해수, 에틸헥실글리세린, 아데노신, 잔탄검, 소듐하이알루로네이트, 다이소듐이디티에이, 유자껍질오일, 판테놀, 3-O-에틸아스코빅애씨드, 아스코빌글루코사이드, 하이드록시프로필사이클로덱스트린, 펜틸렌글라이콜, 마데카소사이드, 글루타티온, 글라이신, 세린, 글루타믹애씨드, 아스파틱애씨드, 류신, 알라닌, 라이신, 알지닌, 타이로신, 페닐알라닌, 프롤린, 트레오닌, 발린, 아이소류신, 히스티딘, 시스테인, 메티오닌, 리모넨, 리날룰"
2026-08-13 06:54:49.134866+00,67,https://image.oliveyoung.co.kr/cfimages/cf-goods/uploads/images/thumbnails/10/0000/0025/A00000025574409ko.jpg,[8월올영픽/단독기획] 동아제약 아크네 프로 겔제 30ml 기획(+3ml+크림제3ml),동아제약,CREAM,"정제수, 프로판다이올, 변성알코올, 에톡시다이글라이콜, 1,2-헥산다이올, 폴리아크릴레이트크로스폴리머-6, 살리실릭애씨드, 소듐폴리아크릴로일다이메틸타우레이트, 트로메타민, 암모늄아크릴로일다이메틸타우레이트/브이피코폴리머, 베타인, 하이드록시에틸셀룰로오스, 락토바실러스발효물, 에틸헥실글리세린, 다이소듐이디티에이, 부틸렌글라이콜, 펜틸렌글라이콜, 글라이콜릭애씨드, 글리세린, 다이소듐포스페이트, 폴리솔베이트60, 카프릴릴글라이콜, 소듐포스페이트, 라우릴글루코사이드, 토코페롤, 카프릴릭/카프릭트라이글리세라이드, 하이드로제네이티드레시틴, 소나무잎추출물, 다이메틸설폰, 다이포타슘글리시리제이트, 티트리잎오일, 석시닉애씨드, 도둑놈의지팡이뿌리추출물, 탱자추출물, 삼백초잎/뿌리추출물, 육계나무껍질추출물"
2026-08-13 06:55:00.521327+00,68,https://image.oliveyoung.co.kr/cfimages/cf-goods/uploads/images/thumbnails/10/0000/0025/A00000025782704ko.jpg,라로슈포제 시카플라스트 멀티 리페어 크림 100ml (+시카에센스 7.5ml),라로슈포제,SERUM,[시카플라스트 멀티 리페어 크림] 정제수 다이카프릴릴에터 판테놀 글리세린 펜틸렌글라이콜 폴리글리세릴-6다이스테아레이트 프로판다이올 세틸에스터 호호바에스터 베헤닐알코올 그린와틀꽃왁스 해바라기씨왁스 병풀잎추출물 야콘뿌리즙 솔비탄올리에이트 징크글루코네이트 마데카소사이드 세테아릴아이소노나노에이트 망가니즈글루코네이트 아이소헥사데칸 알파-글루칸올리고사카라이드 소듐하이알루로네이트 소듐스테아로일글루타메이트 아데노신 만노오스 카퍼글루코네이트 하이드록시아세토페논 하이드록시프로필스타치포스페이트 카프릴로일살리실릭애씨드 비트레오스실라발효물 시트릭애씨드 트라이소듐에틸렌다이아민다이석시네이트 락토바실러스 말토덱스트린 폴리글리세린-3 폴리글리세릴-3비즈왁스 폴리솔베이트80 아크릴아마이드/소듐아크릴로일다이메틸타우레이트코폴리머 세틸알코올 토코페롤 [시카에센스] 정제수 비피다발효용해물 판테놀 다이메티콘 베타인 글리세린 부틸렌글라이콜 펜틸렌글라이콜 아이소프로필미리스테이트 피이지/피피지/폴리부틸렌글라이콜-8/5/3글리세린 소듐하이드록사이드 만노오스 메틸다이하이드로자스모네이트 아크릴레이트/C10-30알킬아크릴레이트크로스폴리머 페녹시에탄올 하이드로제네이티드레시틴 알파-글루칸올리고사카라이드 카프릴릴글라이콜 폴리솔베이트20 마데카소사이드 스핑고모나스발효추출물 시트릭애씨드 야콘뿌리즙 소듐메틸스테아로일타우레이트 아세틸다이펩타이드-1세틸에스터 소듐벤조에이트 말토덱스트린 징크글루코네이트 망가니즈글루코네이트 소듐하이알루로네이트 엑토인 단삼뿌리추출물 살리실로일피토스핑고신 락토바실러스 트라이소듐에틸렌다이아민다이석시네이트 비사보롤
2026-08-13 06:55:06.030695+00,69,https://image.oliveyoung.co.kr/cfimages/cf-goods/uploads/images/thumbnails/10/0000/0021/A00000021467530ko.jpg,[EGF최대함량/1등진정앰플] 클레어스 블루 유스 액티베이팅 드롭 50ml,디어클레어스,SERUM,"정제수, 부틸렌글라이콜, 에스에이치-올리 고펩타이드-1, 에스에이치-폴리펩타이드-1, 로우스 위트블루베리추출물, 레시틴, 솔비탄세스퀴올리에이 트, 1,2-헥산다이올, 카프릴릴글라이콜, 피이지-60 하이드로제네이티드캐스터오일, 글리세린, 클로페네 신, 구아이아줄렌, 에틸헥실글리세린, 아데노신"
2026-08-13 06:55:14.116262+00,70,https://image.oliveyoung.co.kr/cfimages/cf-goods/uploads/images/thumbnails/10/0000/0025/A00000025010625ko.jpg,[8월 올영픽/트러블SOS진정]이지듀 EGFx 다운타임 오인트 겔 15ml 기획(+크림 7ml),이지듀,CREAM,"정제수, 글리세린, 다이프로필렌글라이콜, 비닐다이메티콘, 다이카프릴릴에터, 다이메티콘, 세틸알코올, 나이아신아마이드, 스트렙토코쿠스 테르모필루스발효추출여과물, 메틸프로판다이올, 백미꽃추출물, 접시꽃추출물, 하이드롤라이즈드콜라겐, 하이드롤라이즈드하이알루로닉애씨드, 판테놀, 펜틸렌글라이콜, 암모늄아크릴로일다이메틸타우레이트/브이피코폴리머, 글리세릴스테아레이트, 피이지-100스테아레이트, 다이메티콘올, 다이펜타에리스리틸헥사하이드록시스테아레이트/헥사스테아레이트/헥사로지네이트, 실리카, 카프릴릭/카프릭트라이글리세라이드,세테아릴올리베이트, 하이드록시아세토페논, 팔미틱애씨드, 스테아릭애씨드, 솔비탄올리베이트,1,2-헥산다이올, C12-20알킬글루코사이드, 하이드로제네이티드레시틴, 에틸헥실글리세린, 아데노신, 시트릭애씨드, 부틸렌글라이콜, 소듐스테아로일글루타메이트, 소듐아스코빌포스페이트,토코페롤, 에스에이치-올리고펩타이드-1(10ppm)*, 니코틴아마이드아데닌다이뉴클레오타이드, 소듐클로라이드, 소듐락테이트 , 하이드롤라이즈드엘라스틴, 프로판다이올, 포타슘클로라이드, 칼슘클로라이드, 마그네슘클로라이드, 폴리글리세릴-10올리에이트, 라우로일라이신,세라마이드엔피, 니코틴아마이드모노뉴클레오타이드, 콜레스테롤, 아데노신트라이포스페이트,메틸글루카민, 에탄올, C14-22알코올, 잔탄검, 다이소듐이디티에이"
2026-08-13 06:55:29.380066+00,71,https://image.oliveyoung.co.kr/cfimages/cf-goods/uploads/images/thumbnails/10/0000/0018/A00000018806505ko.jpg,[단독/대용량] 디오디너리 나이아신아마이드 10% + 징크 1% 120ml,디오디너리,ETC,"정제수, 나이아신아마이드, 펜틸렌글라이콜, 징크피씨에이, 다이메틸아이소소바이드, 타마린드씨검, 잔탄검, 아이소세테스-20, 에톡시다이글라이콜, 페녹시에탄올, 클로페네신."
2026-08-13 06:55:36.604988+00,72,https://image.oliveyoung.co.kr/cfimages/cf-goods/uploads/images/thumbnails/10/0000/0024/A00000024777320ko.png,[수지 PICK/한정기획] 아누아 피디알엔 히알루론산 수분 캡슐 미스트 100ml 2입 기획,아누아,ETC,"정제수, 다이페닐다이메티콘, 다이프로필렌글라이콜, 펜틸렌글라이콜, 1,2-헥산다이올, 스트렙토코쿠스 테르모필루스발효물, 캐스터오일/아이피디아이코폴리머, 자일리틸글루코사이드, 자일리톨, 돌콩추출물, 인도멀구슬나무잎추출물, 소듐하이알루로네이트(100ppm), 인도멀구슬나무꽃추출물, 돌콩오일, 사과즙, 아이비고드열매추출물, 백미꽃추출물, 가지열매추출물, 알로에베라꽃추출물, 호호바씨오일, 울금뿌리추출물, 홀리바질잎추출물, 참산호말추출물, 해바라기씨오일, 접시꽃추출물, 당근추출물, 하이드롤라이즈드하이알루로닉애씨드(0.01ppm), 하이알루로닉애씨드(0.01ppm), 유럽밤나무씨추출물, 사과씨오일, 흑효모발효물, 하이드롤라이즈드콜라겐, 비타민나무오일, 호박가루, 칸디다 봄비콜라/글루코오스/메틸레이프씨데이트발효물, 드럼스틱씨오일, 글리세레스-26, 프로판다이올, 부틸렌글라이콜, 판테놀, 카프릴릭/카프릭트라이글리세라이드, 소듐디엔에이(2,000ppm), 하이드록시에틸우레아, 하이드록시아세토페논, 알란토인, 다이펩타이드-15, 젤란검, 안하이드로자일리톨, 칼슘클로라이드, 카프릴릴글라이콜, 아데노신, 피피지-13-데실테트라데세스-24, 글리세린, 소듐시트레이트, 시트릭애씨드, 토코페롤, 옥탄다이올, 에틸헥실글리세린, 베타-카로틴, 다이포타슘포스페이트, 아세틸글루타민, 아가, 마그네슘설페이트, 다이페닐실록시페닐트라이메티콘, 페닐트라이메티콘, 프로필렌글라이콜다이벤조에이트, 하이드로제네이티드레시틴, 세라마이드엔피, 소듐클로라이드, 카퍼트라이펩타이드-1, 셀룰로오스검, 소듐바이카보네이트, 포타슘클로라이드, 소듐스테아로일글루타메이트, 잔탄검"
2026-08-13 06:55:55.520675+00,73,https://image.oliveyoung.co.kr/cfimages/cf-goods/uploads/images/thumbnails/10/0000/0024/A00000024629721ko.jpg,[광채/기미] 코페르 큐리페어 멜라크림 21ml 기획(+4ml),코페르,CREAM,"정제수, 글리세린, 하이드로제네이티드폴리데센, 네오펜틸글라이콜다이카프레이트, 메틸프로판다이올, 세틸피이지/피피지-10/1다이메티콘, 나이아신아마이드, 사이클로펜타실록세인, 1,2-헥산다이올, 다이메티콘, 트라이하이드록시스테아린, 사이클로헥사실록세인, 시어버터, 솔비탄세스퀴올리에이트, 실리카, 소듐클로라이드, 마트리카리아꽃추출물, 인동덩굴꽃추출물, 병풀추출물, 호장근뿌리추출물, 황금추출물, 녹차추출물, 스페인감초뿌리추출물, 로즈마리잎추출물, 유럽밤나무씨추출물, 뽕나무잎추출물, 에스에이치-올리고펩타이드-1, 에스에이치-올리고펩타이드-2, 에스에이치-폴리펩타이드-1, 에스에이치-폴리펩타이드-3, 에스에이치-폴리펩타이드-9, 에스에이치-폴리펩타이드-16, 에스에이치-폴리펩타이드-62, 에스에이치-폴리펩타이드-11, 에스에이치-폴리펩타이드-22, 에스에이치-폴리펩타이드-60, 에틸헥실글리세린, 편백수, 티타늄디옥사이드, 트라이에톡시카프릴릴실레인, 알루미늄하이드록사이드, 부틸렌글라이콜, 카프릴릴글라이콜, 스타아니스추출물, 아데노신, 다이소듐이디티에이, 라벤더오일, 리날룰"
2026-08-13 06:56:08.323893+00,74,https://image.oliveyoung.co.kr/cfimages/cf-goods/uploads/images/thumbnails/10/0000/0018/A00000018857025ko.jpg,[눈가탄력/레티날] 조선미녀 인삼아이크림 30ml,조선미녀,CREAM,"정제수,글리세린,다이프로필렌글라이콜,카프릴릭/카프릭트라이글리세라이드,1,2-헥산다이올,부틸렌글라이콜다이카프릴레이트/다이카프레이트,나이아신아마이드,펜타에리스리틸테트라에틸헥사노에이트,세테아릴알코올,세테아릴올리베이트,솔비탄올리베이트,부틸렌글라이콜,하이드로제네이티드레시틴,인삼추출물,카보머,글리세릴스테아레이트,트로메타민,마카다미아씨오일,에틸헥실글리세린,아데노신,콜레스테롤,덱스트린,폴리글리세릴-10올리에이트,카카오추출물,다이소듐이디티에이,유채스테롤,피토스테릴/베헤닐/옥틸도데실라우로일글루타메이트,레틴알,실리카,알루미늄/마그네슘하이드록사이드스테아레이트,소듐하이알루로네이트,토코페롤,포타슘세틸포스페이트,펜타에리스리틸테트라-다이-t-부틸하이드록시하이드로신나메이트,세라마이드엔피,팔미토일트라이펩타이드-5"
2026-08-13 06:56:20.168983+00,75,https://image.oliveyoung.co.kr/cfimages/cf-goods/uploads/images/thumbnails/10/0000/0025/A00000025149424ko.png,[8월올영픽/태극제약]도미나스 크림 Rx 30ml 단품/기획 (+7ml),도미나스,CREAM,"정제수, 다이프로필렌글라이콜, 나이아신아마이드, 하이드로제네이티드폴리아이소부텐, 헥실데실에틸헥사노에이트, 판테놀, 프로판다이올, 트라넥사믹애씨드, 글리세린, 트라이에틸헥사노인, 1,2-헥산다이올, 세테아릴알코올, C14-22알코올, 글리세릴스테아레이트, 펜타에리스리틸테트라에틸헥사노에이트, 만델릭애씨드, 글루타믹애씨드, 유비퀴논, 하이드록시데실유비퀴논, 바쿠치올, 비사보롤, 크리신, 에피갈로카테킨갈레이트, 헥실레조시놀, 하이드록시에틸우레아, 폴리다틴, 다이메티콘, 아스코빌글루코사이드, 세테아릴올리베이트, 피이지-100스테아레이트, 세린, 솔비탄올리베이트, C12-20알킬글루코사이드, 실리카, 암모늄아크릴로일다이메틸타우레이트/브이피코폴리머, 아라키딜알코올, 베헤닐알코올, 포타슘하이드록사이드, 알란토인, 폴리메틸실세스퀴옥세인, 소듐파이루베이트, 트레할로오스, 아라키딜글루코사이드, 다이메티콘올, 카보머, 알지닌, 소듐메타바이설파이트, 잔탄검, 아데노신, 토코페롤, 카프릴릭/카프릭트라이글리세라이드, 트라이소듐이디티에이, 부틸렌글라이콜, 돌콩오일, 티타늄디옥사이드(CI 77891), 마이카, 하이드로제네이티드레시틴, 적색산화철, 폴리글리세릴-10올리에이트, 시스테인에이치씨엘, 베타-글루칸, 만니톨, 수크로오스, 왜당귀뿌리추출물, 삽주뿌리줄기추출물, 스페인감초뿌리추출물, 작약뿌리추출물, 모란뿌리추출물, 피씨에이, 질경이추출물, 복숭아씨추출물, 황금추출물, 시트룰린, 글라이코젠, 히스티딘에이치씨엘, 알라닌, 트레오닌, 라이신에이치씨엘, 향료, 벤질벤조에이트, 리날룰, 하이드록시시트로넬알, 리모넨, 헥실신남알, 시트로넬올"
2026-08-13 06:56:40.476631+00,76,https://image.oliveyoung.co.kr/cfimages/cf-goods/uploads/images/thumbnails/10/0000/0026/A00000026123405ko.jpg,[8월 올영픽 / NEW 한정기획] 헤브블루 살몬 케어링 센텔라 크림 100ml 기획 (+20ml+토너 25ml),헤브블루,CREAM,"[본품] 헤브블루 살몬 케어링 센텔라 크림 100mL 병풀잎수(625,219ppm), 부틸렌글라이콜, 글리세린, 카프릴릭/카프릭트라이글리세라이드, 하이드로제네이티드폴리(C6-14올레핀), 정제수, 프로판다이올, 다이프로필렌글라이콜, 펜타에리스리틸테트라에틸헥사노에이트, 1,2-헥산다이올, 사이클로헥사실록세인, 해바라기씨오일, 세테아릴올리베이트, 솔비탄올리베이트, 암모늄아크릴로일다이메틸타우레이트/브이피코폴리머, 아크릴레이트/C10-30알킬아크릴레이트크로스폴리머, 트로메타민, 연어알추출물(1,500ppm), 소듐폴리아크릴레이트, 베타인, 판테놀, 녹차수, 소듐하이알루로네이트, 에틸헥실글리세린, 잔탄검, 아데노신, 다이소듐이디티에이, 덱스트린, 쇠비름추출물, 하이드롤라이즈드콜라겐, 카카오추출물, 토코페롤, 하이알루로닉애씨드, 마데카소사이드, 소듐디엔에이, 말토덱스트린, 아보카도열매추출물, 하이드롤라이즈드하이알루로닉애씨드 [증정] 헤브블루 살몬 케어링 센텔라 토너 25mL 병풀잎수(828,168PPM), 정제수, 부틸렌글라이콜, 약모밀수(30,380PPM), 프로판다이올, 글리세린, 1,2-헥산다이올, 연어알추출물(1,500PPM), 알란토인, 판테놀, 에틸헥실글리세린, 소듐하이알루로네이트, 다이소듐이디티에이, 말토덱스트린, 아보카도열매추출물, 덱스트린, 카카오추출물, 쇠비름추출물, 마데카소사이드, 소듐디엔에이"
2026-08-13 06:56:56.111003+00,77,https://image.oliveyoung.co.kr/cfimages/cf-goods/uploads/images/thumbnails/10/0000/0024/A00000024509112ko.jpg,에스트라 아토베리어365 세라-히알 속수분 앰플 30ml+30ml 리필 기획,에스트라,SERUM,"정제수, 부틸렌글라이콜, 글리세린, 나이아신아마이드, 1,2-헥산다이올, 베타인, 판테놀, 카보머, 에틸헥실글리세린, 소듐하이알루로네이트, 3-O-에틸아스코빅애씨드, 셀룰로오스검, 트로메타민, 소듐트라이메타포스페이트, 다이포타슘글리시리제이트, 프로판다이올, 아데노신, 하이드록시프로필비스팔미타마이드엠이에이, 소듐메타포스페이트, 글리세릴카프릴레이트, 포타슘하이드록사이드, 소듐락테이트, 바이오사카라이드검-1, 카프릴릭/카프릭트라이글리세라이드, 펜틸렌글라이콜, 시트릭애씨드, 하이드록시에틸우레아, 폴리글리세릴-10스테아레이트, 콜레스테롤, 프로필렌글라이콜, 포타슘세틸포스페이트, 토코페롤, 세라마이드엔피, 만니톨, 스테아릭애씨드, 실리카, 아크릴레이트/암모늄메타크릴레이트코폴리머, 하이드로제네이티드레시틴, 팔미틱애씨드, 올레익애씨드, 아라키딕애씨드, 스핑고리피드"
2026-08-13 06:57:09.059991+00,78,https://image.oliveyoung.co.kr/cfimages/cf-goods/uploads/images/thumbnails/10/0000/0024/A00000024777616ko.png,"[NCT 재민PICK] 이즈앤트리 어니언 뉴페어 겔크림 플러스 50ml 기획 (+겔크림 플러스 20ml, 패드 2매)",이즈앤트리,CREAM,"[어니언 겔크림 플러스] 정제수, 글리세린, 카프릴릭/카프릭트라이글리세라이드, 나이아신아마이드, 프로판다이올, 1,2-헥산다이올, 하이드록시에틸아크릴레이트/소듐아크릴로일다이메틸타우레이트코폴리머, 양파추출물(10,100 ppm), 부틸렌글라이콜, 세테아릴알코올, 비닐다이메티콘, 카보머, 세테아릴올리베이트, 솔비톨, 솔비탄올리베이트, 바이오사카라이드검-1, 소듐폴리아크릴로일다이메틸타우레이트, 알지닌, 소듐아스코빌포스페이트, 글루타티온, 쿼세틴, 페룰릭애씨드, 알란토인, 판테놀, 소듐하이알루로네이트, 하이드롤라이즈드하이알루로닉애씨드, 하이알루로닉애씨드, 하이드록시프로필트라이모늄하이알루로네이트, 소듐아세틸레이티드하이알루로네이트, 마데카소사이드, 스쿠알란, 약모밀추출물, 사이아노코발아민, 솔비탄아이소스테아레이트, 하이드로제네이티드폴리데센, 에틸헥실글리세린, 시트릭애씨드, 하이드록시에틸셀룰로오스, 덱스트린, 다이소듐이디티에이, 소듐시트레이트, 트라이데세스-10, 치자추출물, 아데노신, 하이드로제네이티드레시틴, 폴리글리세릴-10스테아레이트, 펜틸렌글라이콜, 데실글루코사이드, 알지닌/라이신폴리펩타이드, 카프릴릴글라이콜 [어니언 패드] 정제수, 부틸렌글라이콜, 글리세린, 1, 2-헥산다이올, 나이아신아마이드, 양파추출물(843ppm), 트레할로오스, 약모밀추출물, 판테놀, 알란토인, 소듐헤파린, 소듐하이알루로네이트, 하이드롤라이즈드하이알루로닉애씨드, 소듐아세틸레이티드하이알루로네이트, 인도멀구슬나무꽃추출물, 아이비고드열매추출물, 트라넥사믹애씨드, 소듐아스코빌포스페이트, 글루코노락톤, 베타-글루칸, 하이드록시에틸셀룰로오스, 아데노신, 시트릭애씨드, 에틸헥실글리세린, 폴리솔베이트60, 다이소듐포스페이트, 소듐포스페이트"
2026-08-13 06:57:27.405721+00,79,https://image.oliveyoung.co.kr/cfimages/cf-goods/uploads/images/thumbnails/10/0000/0024/A00000024343328ko.png,[청담샵 화잘먹미스트/시원촉촉] 메디큐브 PDRN 핑크 콜라겐 글로우 젤리 미스트 100ml 더블기획,메디큐브,CREAM,"콜라겐수(80.9%), 아이소프로필미리스테이트, 글리세린, 나이아신아마이드, 1,2-헥산다이올, 정제수, 소듐클로라이드, 메도우폼씨오일, 부틸렌글라이콜, 하이드록시아세토페논, 프로판다이올, 젤란검, 소듐디엔에이(1,081ppm), 해바라기씨오일, 에틸헥실글리세린, 아데노신, 트라이에틸시트레이트, 옥수수커넬추출물, 알칸나뿌리추출물, 다이소듐이디티에이, 토코페롤, 하이알루로닉애씨드, 하이드롤라이즈드하이알루로닉애씨드, 소듐하이알루로네이트, 콜라겐(10.8ppm), 프룩탄, 만주자작나무껍질/잎추출물, 피마자씨오일, 글루코오스, 레몬그라스잎오일, 스타아니스열매/씨오일, 스쿠알란, 글루타티온, 하이드롤라이즈드엘라스틴, 연어알추출물, 말토덱스트린, 카프릴릭/카프릭트라이글리세라이드, 하이드로제네이티드레시틴, 세라마이드엔피, 소듐시트레이트, 카프릴릴글라이콜, 소듐포스페이트, 시트릭애씨드, 진주추출물, 사이아노코발아민, 에스에이치-올리고펩타이드-1"
2026-08-13 06:57:42.089094+00,80,https://image.oliveyoung.co.kr/cfimages/cf-goods/uploads/images/thumbnails/10/0000/0020/A00000020397136ko.png,[속보습/속광/진정] 셀리맥스 더 리얼 노니 에너지 앰플 80ml 기획(+10ml),셀리맥스,SERUM,"정제수, 부틸렌글라이콜, 프로판다이올, 글리세린, 1,2-헥산다이올, 노니열매추출물(0.7%), 소듐폴리아크릴로일다이메틸타우레이트, 다이에톡시에틸석시네이트, 알란토인, 옥틸도데세스-16, 다이프로필렌글라이콜, 인도멀구슬나무잎추출물, 소듐하이알루로네이트, 에틸헥실글리세린, 아데노신, 다이소듐이디티에이, 판테놀, 글리세릴폴리메타크릴레이트, 인도멀구슬나무꽃추출물, 노니씨오일(200ppm), 하이드로제네이티드레시틴, 카카오씨추출물, 로즈마리잎오일, 덱스트린, 세테아릴올리베이트, 솔비탄올리베이트, 수크로오스팔미테이트, 만다린껍질추출물, 올리브오일, 퀸즈랜드넛오일, 포도씨오일, 호호바씨오일, 수용성콜라겐, 토코페롤"
2026-08-13 06:57:52.764131+00,81,https://image.oliveyoung.co.kr/cfimages/cf-goods/uploads/images/thumbnails/10/0000/0023/A00000023230413ko.jpg,[대용량] 파티온 노스카나인 트러블 크림 75ml 기획(+5ml),파티온,CREAM,"정제수, 글리세린, 메도우폼씨오일, 카프릴릭/카프릭트라이글리세라이드, 비닐다이메티콘, 다이글리세린, 폴리글리세릴-3다이스테아레이트, 세테아릴알코올, 1,2-헥산다이올, 펜틸렌글라이콜, 클로렐라 불가리스추출물, 소듐헤파린, 쑥잎추출물, 병풀추출물, 펜타에리스리틸테트라에틸헥사노에이트, 하이드로제네이티드쌀겨오일, 하이드로제네이티드레시틴, 세테아릴올리베이트, 소듐스테아로일글루타메이트, 하이드록시에틸아크릴레이트/소듐아크릴로일다이메틸타우레이트코폴리머, 폴리글리세릴-2스테아레이트, 암모늄아크릴로일다이메틸타우레이트/브이피코폴리머, 아이소도데케인, 하이드록시아세토페논, 아크릴레이트/C10-30알킬아크릴레이트크로스폴리머, 글루코오스, 솔비탄올리베이트, 글리세릴스테아레이트, 판테놀, 글리세릴스테아레이트시트레이트, 부틸렌글라이콜, 프룩토올리고사카라이드, 프룩토오스, 스테아릭애씨드, 석시닉애씨드, 다이메티콘/비닐다이메티콘크로스폴리머, 비닐다이메티콘/메티콘실세스퀴옥세인크로스폴리머, 소듐파이테이트, 솔비탄아이소스테아레이트, 폴리글리세릴-10스테아레이트, 다이프로필렌글라이콜, 세라마이드엔피, 알란토인, 베타-글루칸, 폴리글리세릴-10라우레이트, 세라마이드엔에스, 콜레스테롤, 에틸헥실글리세린, 피토스핑고신, 세라마이드에이피, 세라마이드에이에스, 스쿠알란, 세라마이드이오피, 카프릴릴/카프릴글루코사이드, 스테아릴알코올, 잔탄검"
2026-08-13 06:58:07.093495+00,82,https://image.oliveyoung.co.kr/cfimages/cf-goods/uploads/images/thumbnails/10/0000/0025/A00000025887815ko.jpg,[가나디 콜라보] 코스알엑스 더 6 펩타이드 화잘먹 세럼 150ml 더블 기획 (+피규어 굿즈),코스알엑스,SERUM,"정제수, 다이프로필렌글라이콜, 글리세린, 펜틸렌글라이콜, 1,2-헥산다이올, 나이아신아마이드, 아세틸헥사펩타이드-8(5 ppm), 카퍼트라이펩타이드-1(5 ppm), 에스에이치-폴리펩타이드-121(1.98 ppm), 다이펩타이드다이아미노부티로일벤질아마이드다이아세테이트(0.3 ppm), 올리고펩타이드-68(0.095 ppm), 팔미토일트라이펩타이드-8(0.02ppm), 알란토인, 소듐하이알루로네이트, 아세틸글루코사민, 세린, 알라닌, 글라이신, 트레오닌, 알지닌, 프롤린, 베타인, 소듐피씨에이, 소듐락테이트, 피씨에이, 글루타믹애씨드, 라이신에이치씨엘, 토코페롤, 덱스트란, 돌콩오일, 하이드로제네이티드레시틴, 암모늄아크릴로일다이메틸타우레이트/브이피코폴 리머, 폴리아크릴레이트크로스폴리머-6, 부틸렌글라이콜, 잔탄검, 에틸헥실글리세린, 아데노신, 폴리쿼터늄-51, 다이소듐이디티에이, 시트릭애씨드, 카프릴릴글라이콜, t-부틸알코올, 포타슘솔베이트, 소듐올리에이트"
2026-08-13 06:58:19.977261+00,83,https://image.oliveyoung.co.kr/cfimages/cf-goods/uploads/images/thumbnails/10/0000/0013/A00000013718040ko.jpg,[대용량/1등토너] 라운드랩 1025 독도 토너 500ml 기획 (+100ml),라운드랩,TONER,"정제수, 부틸렌글라이콜, 글리세린, 펜틸렌글라이콜, 프로판다이올, 아이리쉬모스추출물, 사탕수수추출물, 해수, 1,2-헥산다이올, 프로테아제, 베타인, 판테놀, 에틸헥실글리세린, 알란토인, 잔탄검, 다이소듐이디티에이"
2026-08-13 06:58:27.879897+00,84,https://image.oliveyoung.co.kr/cfimages/cf-goods/uploads/images/thumbnails/10/0000/0025/A00000025829708ko.jpg,[NEW] 토리든 다이브인 저분자 히알루론산 세럼 50ml 기획 (+멀티 패드 10매),토리든,SERUM,"정제수, 부틸렌글라이콜, 글리세린, 다이프로필렌글라이콜, 1,2-헥산다이올, 판테놀, 소듐하이알루로네이트크로스폴리머, 하이드롤라이즈드하이알루로닉애씨드(1,000ppm), 소듐하이알루로네이트, 소듐아세틸레이티드하이알루로네이트, 하이드롤라이즈드소듐하이알루로네이트, 알란토인, 엑토인, 감초추출물, 2,3-부탄다이올, 트레할로오스, 베타인, 프로판다이올, 쇠비름추출물, 버지니아풍년화잎추출물, 마데카소사이드, 마데카식애씨드, 세라마이드엔피, 베타-글루칸, 말라카이트추출물, 콜레스테롤, 펜틸렌글라이콜, 글리세릴아크릴레이트/아크릴릭애씨드코폴리머, 피브이엠/엠에이코폴리머, 폴리글리세릴-10라우레이트, 잔탄검, 트로메타민, 카보머, 에틸헥실글리세린, 황금추출물, 모란뿌리추출물"
2026-08-13 06:58:39.632815+00,85,https://image.oliveyoung.co.kr/cfimages/cf-goods/uploads/images/thumbnails/10/0000/0018/A00000018900445ko.jpg,[재구매율1위] 바이오힐보 판테셀 리페어시카 크림미스트 [기내용/더블/대용량],바이오힐보,CREAM,"정제수, 글리세린, 트라이에틸헥사노인, 하이드로제네이티드폴리(C6-14올레핀), 부틸렌글라이콜, 펜틸렌글라이콜, 메틸프로판다이올, 판테놀(1%), 병풀추출물, 베타-시토스테롤, 병풀잎추출물, 아세틸헥사펩타이드-8, 아스코빅애씨드폴리펩타이드, 아세틸옥타펩타이드-3, 아세틸테트라펩타이드-2, 아세틸테트라펩타이드-3, 아세틸테트라펩타이드-5, 아세틸테트라펩타이드-9, 카르노신, 카퍼트라이펩타이드-1, 노나펩타이드-1, 팔미토일펜타펩타이드-4, 팔미토일트라이펩타이드-1, 팔미토일트라이펩타이드-5, 스트렙토코쿠스 테르모필루스발효물, 아이리쉬모스추출물, 사탕수수추출물, 사과즙, 칸디다 봄비콜라/글루코오스/메틸레이프씨데이트발효물, 해바라기씨오일, 1,2-헥산다이올, 베타인, 트라이라우레스-4포스페이트, 에틸헥실글리세린, 폴리쿼터늄-51, 소듐파이테이트, 시트릭애씨드, 토코페롤, 레시틴, 에스신, 다이프로필렌글라이콜"
2026-08-13 06:58:51.298708+00,86,https://image.oliveyoung.co.kr/cfimages/cf-goods/uploads/images/thumbnails/10/0000/0026/A00000026141514ko.jpg,[5일한정/최대특가] 레이어랩 판테놀 인텐시브 크림 플러스 60ml,레이어랩,CREAM,"정제수, 다이메티콘, 스쿠알란(10%),판테놀(7%), 펜타에리스리틸테트라에틸헥사노에이트, 글리세린, 합성왁스, 세틸피이지/피피지-10/1다이메티콘, 펜타에리스리틸테트라아이소스테아레이트, 나이아신아마이드, 부틸렌글라이콜, 트라이베헤닌, 프로판다이올, 폴리글리세릴-4올리에이트, 마그네슘설페이트, 암모늄락테이트, 마데카소사이드, 아시아티코사이드, 마데카식애씨드, 아시아틱애씨드, 실리카다이메틸실릴레이트, 다이스테아다이모늄헥토라이트, 1,2-헥산다이올, 다이메티콘/피이지-10/15크로스폴리머,글리세릴카프릴레이트, 하이드록시아세토페논, 마그네슘스테아레이트, 프로필렌카보네이트, 에틸헥실글리세린, 다이소듐이디티에이, 다이프로필렌글라이콜, 소듐시트레이트, 토코페롤, 펜타에리스리틸테트라-다이t-부틸하이드록시하이드로신나메이트, 아데노신, 글라이신, 세린, 글루타믹애씨드, 아스파틱애씨드, 류신, 알라닌, 라이신, 알지닌, 타이로신, 페닐알라닌, 발린, 트레오닌, 프롤린,아이소류신, 히스티딘, 메티오닌, 시스테인,폴리글리세릴-6올리에이트, 폴리하이드록시스테아릭애씨드, 카보머, 소듐클로라이드"
2026-08-13 06:59:06.569422+00,87,https://image.oliveyoung.co.kr/cfimages/cf-goods/uploads/images/thumbnails/10/0000/0023/A00000023129358ko.jpg,[탄력광채] 프리메라 비타티놀 바운시 리프트 세럼 25g 기획/단품,프리메라,SERUM,"정제수, 부틸렌글라이콜, 글리세린, 메틸글루세스-20, 아스코빌글루코사이드, 나이아신아마이드, 카프릴릴메티콘, 카프릴릭/카프릭트라이글리세라이드, 하이드로제네이티드폴리아이소부텐, 1,2-헥산다이올, 트로메타민, 하이드록시에틸아크릴레이트/소듐아크릴로일다이메틸타우레이트코폴리머, 폴리솔베이트20, 폴리아크릴레이트-13, 다이메티콘, 판테놀, 소듐스테아로일글루타메이트, 소듐시트레이트, 폴리아이소부텐, 폴리아크릴레이트크로스폴리머-6, 다이메틸아이소소바이드, 락토바실러스/콩추출물발효여과물, 해바라기씨오일, 옥수수전분, 돌콩오일, 만니톨, 수크로오스, 마이크로크리스탈린셀룰로오스, 글리세릴카프릴레이트, 스핑고모나스발효추출물, 에틸헥실글리세린, 솔비탄아이소스테아레이트, 소듐메타포스페이트, 당근추출물, 아데노신, 하이드록시피나콜론레티노에이트, 시트릭애씨드, 레티놀, 티타늄디옥사이드 (CI 77891), 황색산화철, 엑토인, 하이드로제네이티드레시틴, 아스코빅애씨드, 베타-카로틴, 토코페롤, 펜틸렌글라이콜, 프로필렌글라이콜, 소듐하이알루로네이트, 카보머, 아세틸테트라펩타이드-11, 아라비아고무나무검, 프로필렌글라이콜알지네이트"
2026-08-13 06:59:19.88238+00,88,https://image.oliveyoung.co.kr/cfimages/cf-goods/uploads/images/thumbnails/10/0000/0022/A00000022283918ko.jpg,에스트라 에이시카365 흔적진정세럼 pH4.5 40ml 기획 (+세럼 20ml+크림 1ml),에스트라,SERUM,"정제수, 글리세린, 부틸렌글라이콜, 다이프로필렌글라이콜, 베타인, 나이아신아마이드, 글루코노락톤, 1,2-헥산다이올, 다이에톡시에틸석시네이트, 트로메타민, 수크로오스스테아레이트, 스쿠알란, 하이드로제네이티드레시틴, 폴리글리세릴-10스테아레이트, 폴리글리세릴-10라우레이트, 카보머, 카프릴릴메티콘, 폴리아크릴레이트크로스폴리머-6, 에틸헥실글리세린, 콜레스테롤, 잔탄검, 아시아티코사이드, 마데카식애씨드, 아시아틱애씨드, 소듐하이알루로네이트, 셀룰로오스검, 3-O-에틸아스코빅애씨드, 징크피씨에이, 소듐글루코네이트, 글리세릴카프릴레이트, 마데카소사이드, 소듐트라이메타포스페이트"
2026-08-13 06:59:30.839032+00,89,https://image.oliveyoung.co.kr/cfimages/cf-goods/uploads/images/thumbnails/10/0000/0022/A00000022945606ko.jpg,[쿨링진정] 셀라딕스 트러블 쿨 카밍 131 토너 300ml,셀라딕스,TONER,"정제수, 부틸렌글라이콜, 글리세린, 1,2-헥산다이올, 나이아신아마이드, 판테놀, 자일리톨, 폴리글리세릴-10라우레이트, 프로판다이올, 베타인, 트레할로오스, 에틸헥실글리세린, 아데노신, 알지닌, 카보머, 다이소듐이디티에이, 알란토인, 유칼립투스잎오일, 락토바실러스발효용해물, 서양민들레잎추출물, 하이드롤라이즈드레시틴, 카프릴릴/카프릴트라이글리세라이드, 펜틸렌글라이콜, 황금추출물, 피토스핑고신, 사이클로덱스트린, 유칼립투스잎추출물, 알로에베라잎추출물, 레몬그라스추출물, 로즈힙추출물, 잔탄검, 에리스리톨, 하이드롤라이즈드완두콩단백질, 카프릴릴글라이콜, 폴리글리세릴-10스테아레이트, 스쿠알란, 폴라지닌, 세라마이드엔피, 스테아릭애씨드"
2026-08-13 06:59:41.794559+00,90,https://image.oliveyoung.co.kr/cfimages/cf-goods/uploads/images/thumbnails/10/0000/0024/A00000024271931ko.jpg,[탄력콜라겐UP/1+1] 차앤박 더마앤서 액티브 부스트 PDRN 앰플 30ml 더블기획,차앤박,SERUM,"정제수, 글리세린, 다이프로필렌글라이콜, 피이지/피피지/폴리부틸렌글라이콜-8/5/3글리세린, 나이아신아마이드, 비스-피이지-18메틸에터다이메틸실레인, 부틸렌글라이콜, 1,2-헥산다이올, 피이지-7글리세릴코코에이트, 다이메티콘, 베타인, 호호바왁스피이지-120에스터, 메틸프로판다이올, 판테놀, 피이지/피피지-17/6코폴리머, 소듐디엔에이, 락토바실러스발효용해물, 폴리메틸실세스퀴옥세인, 트라이에틸헥사노인, 소듐아크릴레이트/비닐알코올코폴리머, 하이드로제네이티드레시틴, 소듐폴리아크릴레이트, 락토바실러스/콩발효추출물, 아이리쉬모스추출물, 세라마이드엔피, 아크릴레이트/C10-30알킬아크릴레이트크로스폴리머, C14-22알코올, 스쿠알란, 트로메타민, 효모/감자추출물발효여과물, 소듐아크릴릭애씨드/엠에이코폴리머, 효모/보리씨발효여과물, 수크로오스스테아레이트, 로즈마리잎오일, C18-21알케인, 마카다미아씨오일, 폴리글리세릴-10스테아레이트, 스테아릭애씨드, 폴리글리세릴-10올리에이트, 글리세릴아크릴레이트/아크릴릭애씨드코폴리머, 아데노신, 아라키딜글루코사이드, 시어버터, 토코페롤, 팔미틱애씨드, 클레리오일, 소듐하이알루로네이트, 트라이소듐이디티에이, 돌콩오일, 트라이데세스-6, 콜레스테롤, 글리세릴스테아레이트, 트록세루틴, 베타-글루칸, 카보머, 피이지-100스테아레이트, 알지닌, 글루타믹애씨드, 멕시칸주니퍼오일, 글라이코스핑고리피드, 리날룰, 리모넨"
2026-08-13 06:59:57.267421+00,91,https://image.oliveyoung.co.kr/cfimages/cf-goods/uploads/images/thumbnails/10/0000/0017/A00000017431608ko.jpg,[시카입문추천] 라로슈포제 시카플라스트 밤B5+ 40ml,라로슈포제,CREAM,"정제수, 하이드로제네이티드폴리아이소부텐, 다이메티콘, 글리세린, 시어버터, 판테놀, 옥수수전분, 프로판다이올, 부틸렌글라이콜, 세틸피이지/피피지-10/1다이메티콘, 트라이하이드록시스테아린, 병풀잎추출물, 야콘뿌리즙, 징크글루코네이트, 마데카소사이드, 망가니즈글루코네이트, 알파-글루칸올리고사카라이드, 실리카, 알루미늄하이드록사이드, 마그네슘설페이트, 만노오스, 카프릴로일글라이신, 카프릴릴글라이콜, 비트레오스실라발효물, 시트릭애씨드, 트라이소듐에틸렌다이아민다이석시네이트, 락토바실러스, 아세틸레이티드글라이콜스테아레이트, 말토덱스트린, 폴리글리세릴-4아이소스테아레이트, 토코페롤, 펜타에리스리틸테트라-다이-t-부틸하이드록시하이드로신나메이트, 티타늄디옥사이드"
2026-08-13 07:00:08.757641+00,92,https://image.oliveyoung.co.kr/cfimages/cf-goods/uploads/images/thumbnails/10/0000/0024/A00000024349911ko.png,[1등 속광로션/단독기획] 온그리디언츠 스킨 베리어 카밍 로션 이엑스 220ml 기획 (+80ml),온그리디언츠,TONER,"정제수, 프로판다이올, 글리세린, 카프릴릭/카프릭트라이글리세라이드, 부틸렌글라이콜, 세틸에틸헥사노에이트, 페닐트라이메티콘, 1,2-헥산다이올, 폴리솔베이트60, 알지닌, 카보머, 하이드록시에틸우레아, 하이드록시아세토페논, 황련뿌리추출물, 에틸헥실글리세린, 호호바씨오일, 판테놀, 칸디다봄비콜라/글루코오스/메틸레이프씨데이트발효물, 해바라기씨오일, 다이프로필렌글라이콜, 소듐하이알루로네이트, 하이알루로닉애씨드, 하이드롤라이즈드하이알루로닉애씨드, 세라마이드엔피, 하이드로제네이티드레시틴, 하이드롤라이즈드콜라겐, 펜틸렌글라이콜, 에톡시다이글라이콜, 레시틴, 소듐하이알루로네이트크로스폴리머, 아세틸글루타민, 보리지추출물, 몰로키아잎추출물, 당근추출물, 마테잎추출물, 마데카소사이드, 판토테닉애씨드, 데실글루코사이드, 아시아티코사이드, 바실러스/소이빈발효추출물, 아시아틱애씨드, 카프릴릴글라이콜, 마데카식애씨드, 폴리글루타믹애씨드, 자일로오스, 폴릭애씨드, 병풀추출물, 헥사펩타이드-11, 올리고펩타이드-1, 올리고펩타이드-2, 올리고펩타이드-3, 아세틸헥사펩타이드-8, 귀리펩타이드, 카퍼트라이펩타이드-1, 팔미토일헥사펩타이드-12, 팔미토일펜타펩타이드-4, 팔미토일테트라펩타이드-7, 팔미토일트라이펩타이드-1, 트라이펩타이드-1"
2026-08-13 07:00:24.063063+00,93,https://image.oliveyoung.co.kr/cfimages/cf-goods/uploads/images/thumbnails/10/0000/0025/A00000025883311ko.jpg,에스트라 아토베리어365 캡슐토너 300ml 기획 (+수딩크림 30ml+세라-히알 앰플 7ml),에스트라,SERUM,"정제수, 부틸렌글라이콜, 글리세린, 프로필렌글라이콜, 1,2-헥산다이올, 글루코노락톤, 에틸헥실글리세린, 칼슘클로라이드, 만니톨, 셀룰로오스, 셀룰로오스검, 트로메타민, 세틸-피지하이드록시에틸팔미타마이드, 스테아릭애씨드, 젤란검, 소듐시트레이트, 소듐글루코네이트, 벤조익애씨드, 세라마이드엔피, 하이드로제네이티드레시틴, 소듐벤조에이트, 실리카, 콜레스테롤, 스핑고리피드, 소듐하이알루로네이트, 하이드록시프로필메틸셀룰로오스, 토코페롤"
2026-08-13 07:00:33.641665+00,94,https://image.oliveyoung.co.kr/cfimages/cf-goods/uploads/images/thumbnails/10/0000/0025/A00000025754306ko.jpg,[튜브타입/단독기획] 닥터지 레드 블레미쉬 클리어 수딩크림 EX 70ml 튜브 기획 (+30ml+세럼10ml*2ea),닥터지,SERUM,"[크림] 정제수, 글리세린, 부틸렌글라이콜, 다이카프릴릴에터, 나이아신아마이드, 1,2-헥산다이올, 펜틸렌글라이콜, 소듐하이알루로네이트, 병풀잎추출물, 비피다발효여과물, 락토바실러스발효물, 병풀꽃/잎/줄기추출물, 병풀뿌리추출물, 병풀추출물, 효모발효여과물, 하이드로제네이티드폴리데센, 다이카프릴릴카보네이트, 하이드록시에틸아크릴레이트/소듐아크릴로일다이메틸타우레이트코폴리머, 판테놀, 아크릴레이트/C10-30알킬아크릴레이트크로스폴리머, 실리카, 트로메타민, 솔비톨, 글리세릴아크릴레이트/아크릴릭애씨드코폴리머, 에틸헥실글리세린, 트라이소듐에틸렌다이아민다이석시네이트, 알란토인, 다이프로필렌글라이콜, 토코페롤, 마데카소사이드, 폴리글리세릴-10라우레이트, 포스파티딜콜린, 하이드로제네이티드레시틴, 칼슘판토테네이트, 스쿠알란, 에리스리톨, 에틸헥실팔미테이트, 아시아티코사이드, 마데카식애씨드, 아시아틱애씨드, 트라이하이드록시스테아린, 세라마이드엔피, 다발방패버섯추출물, 잔탄검 [세럼] 정제수, 부틸렌글라이콜, 다이프로필렌글라이콜, 나이아신아마이드, 1,2-헥산다이올, 글리세린, 판테놀, 글리세레스-26, 하이드록시에틸셀룰로오스, 에리스리톨, 소듐폴리아크릴로일다이메틸타우레이트, 소듐하이알루로네이트(1,100 ppm), 알란토인, 에틸헥실글리세린, 카프릴릭/카프릭트라이글리세라이드, 바이오사카라이드검-1, 다이소듐이디티에이, 하이드로제네이티드레시틴, 베타인살리실레이트, 석시닉애씨드, 트로메타민, 효모발효여과물, 옥틸도데칸올, 폴리글리세릴-10라우레이트, 포스파티딜콜린, 아시아티코사이드(48 ppm), 병풀잎추출물(40 ppm), 마데카식애씨드(36 ppm), 아시아틱애씨드(36 ppm), 글라이코리피드, 세라마이드엔피, 베타-글루칸, 락토바실러스발효물, 락토바실러스/콩발효추출물, 류코노스톡/무발효여과물, 효모발효추출물, 팔미토일트라이펩타이드-5, 다발방패버섯추출물, 마데카소사이드(3.6 ppm), 병풀추출물(3.4 ppm), 하이드록시프로필트라이모늄하이알루로네이트(1 ppm), 토코페롤, 징크피씨에이, 헥사펩타이드-9"
2026-08-13 07:00:53.373846+00,95,https://image.oliveyoung.co.kr/cfimages/cf-goods/uploads/images/thumbnails/10/0000/0023/A00000023221228ko.jpg,[1등모공에센스] VT 리들샷 100 에센스 30ml 더블 기획(+피디알엔 에센스 100 1.5ml*3ea),VT,SERUM,"정제수, 다이프로필렌글라이콜, 글리세린, 나이아신아마이드, 부틸렌글라이콜, 마카다미아씨오일, 1,2-헥산다이올, 에틸헥실팔미테이트, 소듐아크릴레이트/소듐아크릴로일다이메틸타우레이트코폴리머, 폴리아이소부텐, 실리카, 글리세레스-26, 에틸헥실글리세린, 카프릴릴글라이콜, 아데노신, 소듐폴리아크릴레이트, 소듐하이알루로네이트, 병풀추출물, 카프릴릴/카프릴글루코사이드, 솔비탄올리에이트, 잔탄검, 프로폴리스추출물, 아시아티코사이드, 마데카소사이드, 마데카식애씨드, 아시아틱애씨드, 글라이신, 세린, 글루타믹애씨드, 아스파틱애씨드, 류신, 알라닌, 라이신, 알지닌, 타이로신, 페닐알라닌, 트레오닌, 프롤린, 발린, 아이소류신, 히스티딘, 메티오닌, 시스테인"
2026-08-13 07:01:05.696651+00,96,https://image.oliveyoung.co.kr/cfimages/cf-goods/uploads/images/thumbnails/10/0000/0022/A000000224581112ko.jpg,[8월올영픽/쿨링진정크림] 빌리프 프로즌 크림 50ml 1+1 기획(+손거울 증정),빌리프,CREAM,"[본품/증정 동일 - 프로즌 크림] 정제수, 부틸렌글라이콜, 카프릴릭/카프릭트라이글리세라이드, 1,2-헥산다이올, 베타인, 베헤닐알코올, 판테놀, 유칼립투스잎추출물*+, 폴스애플민트잎추출물*, 로즈힙열매추출물*, 레몬밤꽃/잎/줄기수*, 타임잎추출물*, 로즈마리잎수*, 비터오렌지꽃오일+, 토탄추출물+, 양버들껍질/싹/잎/잔가지추출물+, 프렌치로즈꽃추출물+, 흰서양송로추출물+, 자일리톨, 에리스리톨, 소듐하이알루로네이트, 카페인, 카퍼트라이펩타이드-1, 글라이신, 베타-글루칸, 나이아신아마이드, 글리세릴폴리메타크릴레이트, 트라이에틸헥사노인, 카보머, 다이메티콘, 다이실록세인, 트로메타민, 글리세린, 프로필렌글라이콜, 스테아릴다이메티콘, 락토바실러스/콩발효추출물, C30-45알킬다이메티콘, 토코페릴아세테이트, 효모/감자추출물발효여과물, 효모/보리씨발효여과물, 트라이소듐이디티에이, 말라카이트추출물, 메틸다이아이소프로필프로피온아마이드, 오렌지껍질오일**, 라임전초오일**, 센티드제라늄꽃오일**, 로즈마리잎오일**, 리모넨, 시트로넬올, 제라니올, 시트랄,  식물 유래 향 [증정 - 프로즌 토너] 정제수, 글리세린, 프로판다이올, 부틸렌글라이콜, 변성알코올, C12-15알킬벤조에이트, 1,2-헥산다이올, 판테놀, 자일리톨, 글루코노락톤, 소듐하이알루로네이트, 레몬밤꽃/잎/줄기수*, 로즈마리잎수*, 나이아신아마이드, 유칼립투스잎추출물*+, 폴스애플민트잎추출물*, 로즈힙열매추출물*, 타임잎추출물*, 토탄추출물+, 양버들껍질/싹/잎/잔가지추출물+, 프렌치로즈꽃추출물+, 흰서양송로추출물+, 비터오렌지꽃오일+, 카퍼트라이펩타이드-1, 폴리글리세릴-10스테아레이트, 폴리글리세릴-10올리에이트, 카프릴릭/카프릭트라이글리세라이드, 말라카이트추출물, 소듐시트레이트, 시트릭애씨드, 바이오사카라이드검-1, 카페인, 펜틸렌글라이콜, 에리스리톨, 에틸헥실글리세린, 글라이신, 메틸다이아이소프로필프로피온아마이드, 로즈마리잎오일**, 오렌지껍질오일**, 라임전초오일**, 센티드제라늄꽃오일**, 리모넨, 시트로넬올, 제라니올, 시트랄,  식물 유래 향 [증정 - 프로즌 세럼] 정제수, 변성알코올, 스테아릴헵타노에이트, 1,2-헥산다이올, 다이프로필렌글라이콜, 트레할로오스, 다이메티콘, 유칼립투스잎추출물*, 폴스애플민트잎추출물*, 로즈힙열매추출물*, 레몬밤꽃/잎/줄기수*, 로즈마리잎수*, 타임잎추출물*, 하이드롤라이즈드하이알루로닉애씨드(0.01%), 하이알루로닉애씨드(0.001%), 하이드롤라이즈드소듐하이알루로네이트(0.001%), 소듐하이알루로네이트(0.01%), 하이드록시프로필트라이모늄하이알루로네이트(0.001%), 소듐하이알루로네이트크로스폴리머(0.000001%), 소듐아세틸레이티드하이알루로네이트(0.001%), 카페인, 판테놀, 폴리글리세릴-10스테아레이트, C14-22알코올, 폴리글리세릴-10올리에이트, 카보머, 소듐폴리아크릴레이트스타치, C12-20알킬글루코사이드, 말라카이트추출물, 포타슘하이드록사이드, 다이소듐이디티에이, 나이아신아마이드, 베타인, 소듐글루코네이트, 펜틸렌글라이콜, 에틸헥실글리세린, 카프릴릴글라이콜, 아세틸헥사펩타이드-8, 로즈마리잎오일+, 라임전초오일+, 센티드제라늄꽃오일+, 오렌지껍질오일+, 리모넨, 시트로넬올, 제라니올, 시트랄,  식물 유래 향"
2026-08-13 07:01:40.879623+00,97,https://image.oliveyoung.co.kr/cfimages/cf-goods/uploads/images/thumbnails/10/0000/0021/A000000211213130ko.jpg,[수분보습폭탄] 빌리프 아쿠아 밤 / 모이스춰라이징 밤 30ml 1+1 기획,빌리프,CREAM,"[모이스처라이징 밤-본품/증정] 정제수, 글리세린, 사이클로헥사실록세인, 하이드로제네이티드폴리데센, 다이프로필렌글라이콜, 마카다미아씨오일, 1,2-헥산다이올, 트라이에틸헥사노인, 비스-피이지-18메틸에터다이메틸실레인, 스테아릴알코올, 글리세릴스테아레이트, 피이지-40스테아레이트, 펜타에리스리틸테트라에틸헥사노에이트, 컴프리잎추출물, 귀리커넬추출물*, 포트마리골드꽃추출물*, 개박하추출물*, 라즈베리잎추출물*, 와일드인디고뿌리추출물*, 별꽃추출물*, 레이디스맨틀잎추출물+, 삼색제비꽃추출물+, 다마스크장미꽃추출물+, 메도우스위트꽃추출물+, 마시멜로뿌리추출물+, 아이브라이트추출물, 서양측백나무잎추출물, 서양톱풀꽃추출물, 붉은토끼풀꽃추출물, 조름나물잎추출물, 흰버드나무껍질추출물, 탱자추출물, 띠뿌리추출물, C14-22알코올, 스쿠알란, 시어버터, 아라키딜글루코사이드, 세라마이드엔피, 콜레스테롤, 카프릴릴글라이콜, 아세틸헥사펩타이드-8, 토코페롤, 판테놀, 하이드록시에틸피페라진에탄설포닉애씨드, 우레아, 효모발효여과물, 겨우살이추출물, 글라이코실트레할로오스, 락토바실러스/콩발효추출물, 스테아릭애씨드, 트로메타민, 피이지-100스테아레이트, 세테아릴올리베이트, 팔미틱애씨드, 솔비탄올리베이트, 하이드로제네이티드레시틴, 아크릴레이트/C10-30알킬아크릴레이트크로스폴리머, 다이메티콘/비닐다이메티콘크로스폴리머, 카보머, 하이드로제네이티드스타치하이드롤리세이트, 잔탄검, 트라이소듐이디티에이, 세테아릴알코올, 부틸렌글라이콜, 다이메티콘, 솔비탄스테아레이트, 오렌지껍질오일**, 라임전초오일**, 로즈마리잎오일**, 센티드제라늄꽃오일**, 리모넨, 시트로넬올, 제라니올, 시트랄, 리날룰 [아쿠아 밤-본품/증정] 정제수, 다이프로필렌글라이콜, 글리세린, 메틸트라이메티콘, 변성알코올, 다이메티콘, 사이클로펜타실록세인, 1,2-헥산다이올, 카프릴릭/카프릭트라이글리세라이드, 피이지/피피지/폴리부틸렌글라이콜-8/5/3글리세린, 펜타에리스리틸테트라에틸헥사노에이트, 귀리커넬추출물*, 포트마리골드꽃추출물*, 개박하추출물*, 라즈베리잎추출물*, 와일드인디고뿌리추출물*, 별꽃추출물*+, 레이디스맨틀잎추출물+, 쇠뜨기잎추출물+, 쐐기풀잎추출물+, 소듐하이알루로네이트, 나이아신아마이드, 폴리메틸실세스퀴옥세인, 판테놀, 피이지-150, 펜타에리스리틸테트라아이소스테아레이트, 페닐트라이메티콘, 하이드록시에틸아크릴레이트/소듐아크릴로일다이메틸타우레이트코폴리머, 카보머, 트로메타민, 스쿠알란, 피이지-40하이드로제네이티드캐스터오일, 다이메티콘올, 아크릴레이트/C10-30알킬아크릴레이트크로스폴리머, C14-22알코올, 폴리솔베이트60, 부틸렌글라이콜, 마카다미아씨오일, 말라카이트추출물, 트라이에틸헥사노인, 트라이소듐이디티에이, 아라키딜글루코사이드, 시어버터, 하이드로제네이티드레시틴, 솔비탄아이소스테아레이트, 글리세릴스테아레이트, 스테아릭애씨드, 세라마이드엔피, 콜레스테롤, 피이지-100스테아레이트, 로즈마리잎오일**, 라임전초오일**, 센티드제라늄꽃오일**, 오렌지껍질오일**, 시트랄, 시트로넬올, 리모넨, 제라니올, 리날룰"
2026-08-13 07:02:09.997147+00,98,https://image.oliveyoung.co.kr/cfimages/cf-goods/uploads/images/thumbnails/10/0000/0026/A00000026058010ko.jpg,[8월 올영픽] 제로이드 핌프로브 레드 컨트롤 크림 pH4 80ml 기획 (+토너 25ml +크림 10ml),제로이드,CREAM,"정제수, 글리세린, 카프릴릭/카프릭트라이글리세라이드, 호호바씨오일, 세테아릴알코올, 솔비탄스테아레이트, 1,2-헥산다이올, 스테아릭애씨드, 미리스토일/팔미토일옥소스테아라마이드/아라카마이드엠이에이, 글리세릴스테아레이트, 다이메티콘, 폴리글리세릴-6다이스테아레이트, 피토스테롤, 토코페릴아세테이트, 카보머, 호호바에스터, 올레아마이드엠이에이, 아크릴레이트/C10-30알킬아크릴레이트크로스폴리머, 폴리글리세릴-3비즈왁스, 세틸알코올, 암모늄아크릴로일다이메틸타우레이트/브이피코폴리머, 소듐하이알루로네이트, 잔탄검,  정제수, 메틸프로판다이올, 1,2-헥산다이올, 글리세린, 카프릴로일살리실릭애씨드, 글라이콜릭애씨드, 락틱애씨드, 시트릭애씨드, 판테놀, 하이드롤라이즈드하이알루로닉애씨드, 베타인, 징크피씨에이, 소듐시트레이트, 미리스토일/팔미토일옥소스테아라마이드/아라카마이드엠이에이, 다이소듐이디티에이"
2026-08-13 07:02:21.711474+00,99,https://image.oliveyoung.co.kr/cfimages/cf-goods/uploads/images/thumbnails/10/0000/0025/A00000025960524ko.png,[대용량리필] 메디큐브 제로 모공 원데이 펩타이드 세럼 30ml 리필기획 (+리필팩 50ml),메디큐브,SERUM,"정제수, 메틸프로판다이올, 글리세린, 프로판다 이올, 나이아신아마이드, 트로메타민, 1,2-헥산다이올, 폴리글리세린-3, 락틱애씨드, 다이메티콘, 글루코노락톤, 살리실릭애씨드, 하이드록시에틸셀룰로오스, 소듐폴리 아크릴로일다이메틸타우레이트, 레시틴, C12-14알케스 -12, 알란토인, 시트릭애씨드, 에틸헥실글리세린, 아데노신, 부틸렌글라이콜, 덱스트린, 글라이콜릭애씨드, 소듐시트레이트, 치자추출물, 트라이소듐포스페이트, 카프릴로일살리실릭애씨드, 물망초꽃/잎/줄기추출물, 원추 리꽃추출물, 별꽃추출물, 락토바실러스발효용해물, 서양민들레잎추출물, 락토바실러스발효물, 카프릴릭/카프릭트라이글리세라이드, 솔비탄라우레이트, 세틸팔미테이트, 솔비탄스테아레이트, 폴리솔베이트80, 카프릴릴 글라이콜, 아세틸글루타민, 아세틸다이펩타이드-1세틸에스터(8ppb), 바실러스/소이빈발효추출물, 소듐벤조에이트, 당느릅나무뿌리추출물, 칡뿌리추출물, 대왕소나무잎추출물, 달맞이꽃꽃추출물, 하이드로제네이티드레시틴, 팔미토일트라이펩타이드-5(1.1ppb), 아세틸헥 사펩타이드-1(1ppb), 토코페롤, 아세틸옥타펩타이드-3 (0.5ppb), 소듐하이알루로네이트, 팔미토일테트라펩타이드-10(0.2ppb), 폴릭애씨드, 카퍼트라이펩타이드-1 (0.05ppb), 올리고펩타이드-3(0.002ppb), 올리고펩타이드-2(0.002ppb), 올리고펩타이드-1(0.002ppb), 헥사펩타이드-11(0.002ppb)"
2026-08-13 07:02:37.309271+00,100,https://image.oliveyoung.co.kr/cfimages/cf-goods/uploads/images/thumbnails/10/0000/0025/A00000025122902ko.jpg,바이오더마 하이드라비오 에센스로션 200ml 기획 (+스트레치 화장솜),바이오더마,SERUM,"정제수, 메틸프로판다이올, 나이아신아마이드, 피피지-26-부테스-26, 피이지-40하이드로제네이티드캐스터오일, 소듐피씨에이, 다이소듐이디티에이, 살리실릭애씨드, 하이드록시에틸셀룰로오스, 만니톨, 소듐시트레이트, 토코페릴아세테이트, 자일리톨, 헥실데칸올, 세트리모늄브로마이드, 향료, 벤조트라이아졸릴도데실p-크레솔, 람노오스, 소듐하이드록사이드, 사과씨추출물, 유채스테롤, 토코페롤"
2026-08-13 07:02:45.650074+00,101,https://image.oliveyoung.co.kr/cfimages/cf-goods/uploads/images/thumbnails/10/0000/0023/A00000023505017ko.jpg,[리뉴얼] 코스알엑스 어드밴스드 더 비타민C 23 세럼 20g 2입,코스알엑스,SERUM,"정제수, 아스코빅애씨드(23%), 부틸렌글라이콜, 다이메티콘, 판테놀, 3-O-에틸아스코빅애씨드, 스쿠알란, 소듐하이드록사이드, 카페인, 소듐하이알루로네이트, 소듐메타포스페이트, 아데노신, 아세틸글루코사민, 치자추출물, 알란토인, 덱스트린, 토코트라이엔올, 토코페롤, 오일팜오일, 알지닌, 나이아신아마이드, 펜틸렌글라이콜, 글루타티온, 해바라기씨오일, 메틸트라이메티콘, 잇꽃씨오일, 동백나무씨오일, 당근추출물, 스페인감초뿌리추출물, 베타-카로틴"
2026-08-13 07:02:56.260679+00,102,https://image.oliveyoung.co.kr/cfimages/cf-goods/uploads/images/thumbnails/10/0000/0025/A00000025029821ko.jpg,아이디얼포맨 프레시 올인원 150ml 단품/1+1 기획,아이디얼포맨,ETC,"정제수,다이프로필렌글라이콜,메틸프로판다이올,1,2-헥산다이올,글리세레스-26,나이아신아마이드,사이클로헥사실록세인,글리세린,카프릴릭/카프릭트라이글리세라이드,다시마추출물,한련초잎추출물,실버위드추출물,귀리커넬추출물,아티초크잎추출물,목면꽃추출물,감나무잎추출물,포도추출물,잇꽃꽃추출물,커피콩추출물,호장근뿌리추출물,녹차추출물,밤껍질추출물,초피나무열매추출물,하이드로제네이티드레시틴,녹차수,소듐하이알루로네이트,암모늄아크릴로일다이메틸타우레이트/브이피코폴리머,아크릴레이트/C10-30알킬아크릴레이트크로스폴리머,트로메타민,에틸헥실글리세린,글리세릴폴리메타크릴레이트,아데노신,프룩토올리고사카라이드,베타-글루칸,폴리쿼터늄-51,하이드롤라이즈드하이알루로닉애씨드,부틸렌글라이콜,락토바실러스발효물,토코페롤,카프릴릴글라이콜,프로판다이올,하이드롤라이즈드소듐하이알루로네이트,수크로오스다이스테아레이트,하이드록시프로필사이클로덱스트린,향료"
2026-08-13 07:03:08.536314+00,103,https://image.oliveyoung.co.kr/cfimages/cf-goods/uploads/images/thumbnails/10/0000/0025/A00000025867610ko.jpg,[곰돌이푸콜라보] 성분에디터 실크펩타이드 EGF 하트핏 볼륨 리프팅 앰플 40ml 더블기획 (+파우치 증정),성분에디터,SERUM,"실크수(69.9%), 부틸렌글라이콜, 정제수, 글리세린, 메틸프로판다이올, 1,2-헥산다이올, 나이아신아마이드, 카보머, 트로메타민, 피피지-13-데실테트라데세스-24, 프로판다이올, 아데노신, 아이리쉬모스가루,아가, 하이드록시에틸셀룰로오스, 다이소듐이디티에이, 아크릴레이트/C10-30알킬아크릴레이트크로스폴리머, 합성플루오르플로고파이트, 돌콩펩타이드(100 ppm), 베타인, 판테놀, 티타늄디옥사이드, 적색산화철, 마이카, 젤란검, 마그네슘아스코빌포스페이트, 병풀추출물, 하이드 롤라이즈드콜라겐, 약모밀추출물, 틴옥사이드, 에틸헥실글리세린, 스쿠알란, 하이드로제네이티드폴리아이소부텐, 벤질글라이콜, 레시틴, 하이드롤라이즈드글라이코사미노글리칸, 소듐하이알루로네이트, 카프릴릴글라이콜, 하이드로제네이티드레시틴, 에스에이치-폴리펩타이드-121(204ppb), 카프릴릭/카프릭트라이글리세라이드, 소듐팔미토일사코시네이트,토코페롤, 카페오일헥사펩타이드-65(104 ppb),소듐하이알루로네이트크로스폴리머, 아세틸글루타민, 헵타소듐헥사카복시메틸다이펩타이드-12(54 ppb), 하이드롤라이즈드하이알루로닉애씨드, 바실러스/폴릭애씨드/돌콩발효추출물, 금, 소듐포스페이트, 콜라겐, 미리스토일펜타펩타이드 -17(14 ppb), 미리스토일펜타펩타이드-4(14 ppb), 에스에이치-폴리펩타이드-123(14 ppb), 하이드록시프로필트라이모늄하이알루로네이트, 덱스 트란, 벤조익애씨드, 소듐벤조에이트, 하이드롤라이즈드엘라스틴, 팔미토일펜타펩타이드-5(9 ppb), 아세틸테트라펩타이드-3(7 ppb), 카퍼트라 이펩타이드-1(6 ppb), 팔미토일펜타펩타이드-4(5 ppb), 아세틸헥사펩타이드-8(5 ppb), 팔미토일테트라펩타이드-7(4 ppb), 에스에이치-데카펩타이드-7(4 ppb), 에스에이치-옥타펩타이드-4(4 ppb), 에스에이치-올리고펩타이드-9(4 ppb), 에스에이치-펜타펩타이드-19(4 ppb), 팔미토일트라이펩타이드-1(4 ppb), 트라이펩타이드-32(4 ppb), 에스알-(올리고펩타이드-91클로스트리듐보툴리눔폴리펩타이드-1)(4 ppb), 에스에이치-올리고펩타이드-1(4 ppb), 에스에이치-폴리펩타이드-1(4 ppb), 에스에이치-올리고펩타이드-2(4 ppb), 에스에이치-폴리펩타이드-11(4ppb), 에스에이치-폴리펩타이드-9(4 ppb), 에스에이치-폴리펩타이드-16(4 ppb), 에스에이치-폴리펩타이드-22(4 ppb), 에스에이치-폴리펩타이드-3(4 ppb), 에스에이치-폴리펩타이드-19(4 ppb), 에스에이치-폴리펩타이드-62(4 ppb), 붉은토끼풀꽃추출물, 하이알루로닉 애씨드, 지모뿌리추출물, 소듐아세틸레이티드하이알루로네이트"
2026-08-13 07:03:29.572341+00,104,https://image.oliveyoung.co.kr/cfimages/cf-goods/uploads/images/thumbnails/10/0000/0022/A00000022822875ko.jpg,[7년 연속 1위] 아이디얼포맨 퍼펙트 올인원 150ml 단품/기획,아이디얼포맨,ETC,"[퍼펙트올인원] 정제수,글리세린,에틸헥실스테아레이트,1,2-헥산다이올,메틸프로판다이올,나이아신아마이드,메틸트라이메티콘,변성알코올,폴리글리세릴-3다이스테아레이트,베타인,세테아릴알코올,판테놀,다시마추출물,한련초잎추출물,콜라겐추출물,소듐하이알루로네이트,하이드로제네이티드레시틴,글리세릴스테아레이트,카보머,다이프로필렌글라이콜,알지닌,글리세릴스테아레이트시트레이트,에틸헥실글리세린,소듐스테아로일글루타메이트,아데노신,스키조사카로미세스발효여과물,다이소듐이디티에이,프룩토올리고사카라이드,부틸렌글라이콜,베타-글루칸,하이드롤라이즈드하이알루로닉애씨드,카프릴릭/카프릭트라이글리세라이드,레티놀,에이치디아이/트라이메틸올헥실락톤크로스폴리머,하이드롤라이즈드엘라스틴,폴리비닐알코올,토코페롤,카프릴릴글라이콜,아세틸테트라펩타이드-5,잔탄검,페닐프로판올,향료"
2026-08-13 07:03:41.612895+00,105,https://image.oliveyoung.co.kr/cfimages/cf-goods/uploads/images/thumbnails/10/0000/0025/A00000025864909ko.jpg,[곰돌이푸콜라보] 성분에디터 그린토마토 NMN 포어 리프팅 앰플 40ml 더블 기획 (+히퍼 랜덤 1종),성분에디터,SERUM,"토마토수(680,000 ppm), 정제수, 부틸렌글라이콜, 글리세린, 자일리톨, 1,2-헥산다이올, 다이프로 필렌글라이콜, 나이아신아마이드, 니코틴아마이드모노뉴클레오타이드(10,000 ppm),트레할로오스, 잔탄검, 카보머, 페닐트라이메티콘, 트로메타민, 알란토인, C12-13알케스-9, 폴리메틸실세스퀴옥세인, 소듐시트레이트, 에틸헥실글리세린, 잇꽃꽃추출물, 메틸다이하이드로자스모네이트, 다이포타슘글리시리제이트, 아데노신, 다이소듐이디티에이, 치자추출물, 덱스트린, 토마토추출물(400 ppm), 에틸렌브라 실레이트, 글루코노락톤, 판테놀, 2-t-부틸사이클로헥실아세테이트, 칡뿌리추출물, 달맞이꽃꽃추출물, 대왕소나무잎추출물, 당느릅나무뿌리추출물, 피브로넥틴, 니코틴아마 이드아데닌다이뉴클레오타이드, 소듐하이알루로네이트, 아데노신트라이포스페이트,하이드로제네이티드레시틴, 하이드롤라이즈드하이알루로닉애씨드, 하이알루로닉애씨드, 소듐하이알루로네이트크로스폴리머, 하이드록시프로필트라이모늄하이알루로네이트, 하이드로제네이티드폴리아이소부텐, 벤질글라이콜, 세라마이드엔피, 토코페롤, 하이드롤라이즈드엘라스틴, 폴리글리세릴-10라우레이트, 데이지꽃추 출물, 수용성프로테오글리칸, 유채스테롤, 토마토즙(0.1 ppm), 토마토열매/잎/줄기추출물(0.1 ppm), 페네틸알코올, 하이드롤라이 즈드콜라겐, 라즈베리케톤, 피토스테릴/베헤닐/옥틸도데실라우로일글루타메이트, 콜레스테롤, 라이소레시틴, 올레익애씨드, 글라이코사미노글리칸, 소듐클로라이드, 포타슘포스페이트, 포타슘클로라이드, 다이소듐포스페이트, 하이드롤라이즈드식물성단백질, 지모뿌리추출물, 라이코펜, 콜라겐추출물, 리날릴아세테이트, 에틸리날룰, 유칼립톨, 메틸렌다이옥시페닐메틸프로판알, 헥세닐아세테이트, 2,4-다이 메틸-3-사이클로헥신카복스알데하이드, 3-헥센올"
2026-08-13 07:04:01.001752+00,106,https://image.oliveyoung.co.kr/cfimages/cf-goods/uploads/images/thumbnails/10/0000/0025/A00000025906719ko.jpg,[미피 네임택 증정] 아벤느 오 떼르말 수분 미스트 300ml 2입 기획 (+150ml +미피 네임택),아벤느,ETC,아벤느 온천수(아쿠아)
2026-08-13 07:04:05.991435+00,107,https://image.oliveyoung.co.kr/cfimages/cf-goods/uploads/images/thumbnails/10/0000/0000/A00000000656527ko.jpg,우르오스 올인원 스킨밀크 200ml,우르오스,TONER,"■ 정제수, 글리세린, 하이드로제네이티드폴리(C6-12올레핀), 에탄올, 폴리글리세릴-10아이소스테아레이트, 아데노신포스페이트, 하이드록시프로필사이클로덱스트린, 아크릴레이트/C10-30알킬아크릴레이트크로스폴리머, 부틸렌글라이콜, 글리세릴카프릴레이트, 폴리글리세릴-10스테아레이트, 소듐아이소스테아로일락테이트, 소듐락테이트, 소듐하이드록사이드, 클로브꽃추출물, 사철쑥꽃추출물, 스타아니스열매/씨오일, 서양측백나무잎오일, 아틀라스시다나무껍질오일, 라반딘오일, 라임전초오일, 페퍼민트오일, 구주소나무잎오일, 로즈마리잎오일, 터펜틴, 리날룰, 리모넨"
2026-08-13 07:04:15.253002+00,108,https://image.oliveyoung.co.kr/cfimages/cf-goods/uploads/images/thumbnails/10/0000/0022/A00000022414728ko.jpg,[최다증정|기프트] 바이오힐보 프로바이오덤 3D리프팅 스킨케어 3종세트(토너+에멀전+크림),바이오힐보,CREAM,"[에센셜 토너] 정제수, 글리세린, 글리세레스-26, 부틸렌글라이콜, 펜틸렌글라이콜, 폴리글리세린-3, 락토바실러스발효용해물, 락토바실러스발효물, 프룩토올리고사카라이드, 프룩탄, 이눌린, 판테놀, 베타인, 베타-글루칸, 아데노신, 사포닌, 수용성프로테오글리칸, 노나펩타이드-1, 아세틸테트라펩타이드-9, 아세틸테트라펩타이드-5, 아세틸헥사펩타이드-1, 아세틸헥사펩타이드-8, 팔미토일트라이펩타이드-8, 다이펩타이드다이아미노부티로일벤질아마이드다이아세테이트, 카퍼트라이펩타이드-1, 트라이펩타이드-1, 팔미토일테트라펩타이드-7, 팔미토일트라이펩타이드-1, 팔미토일트라이펩타이드-5, 팔미토일펜타펩타이드-4, 팔미토일헥사펩타이드-12, 펜타펩타이드-3, 헥사펩타이드-9, 올리고펩타이드-2, 실버위드추출물, 무화과추출물, 병풀추출물, 귀리커넬추출물, 아티초크잎추출물, 메도우폼씨오일, 하이드로제네이티드레시틴, 녹차수, C12-14파레스-12, 아크릴레이트/C10-30알킬아크릴레이트크로스폴리머, 트로메타민, 에틸헥실글리세린, 폴리글리세릴-10스테아레이트, 암모늄아크릴로일다이메틸타우레이트/브이피코폴리머, 다이포타슘글리시리제이트, 메틸프로판다이올, 1,2-헥산다이올, 소듐파이테이트, 글리세릴폴리메타크릴레이트, 폴리쿼터늄-51, 세라마이드엔피, 말토덱스트린, 토코페롤, 프로판다이올, 알진, 바이오사카라이드검-4, 잔탄검, 수크로오스다이스테아레이트, 카프릴릭/카프릭트라이글리세라이드, 소듐포스페이트, 카프릴릴글라이콜, 하이드록시프로필사이클로덱스트린, 미네랄솔트, 덱스트란, 다이소듐포스페이트, 향료 [에멀전] 정제수, 락토바실러스발효용해물, 부틸렌글라이콜, 글리세린, 1,2-헥산다이올, 옥틸도데실미리스테이트, 카프릴릴메티콘, 하이드로제네이티드폴리(C6-14올레핀), 베타인, 락토바실러스발효물, 프룩토올리고사카라이드, 프룩탄, 이눌린, 판테놀, 베타-글루칸, 아데노신, 사포닌, 수용성프로테오글리칸, 노나펩타이드-1, 아세틸테트라펩타이드-9, 아세틸테트라펩타이드-5, 아세틸헥사펩타이드-1, 아세틸헥사펩타이드-8, 팔미토일트라이펩타이드-8, 다이펩타이드다이아미노부티로일벤질아마이드다이아세테이트, 카퍼트라이펩타이드-1, 트라이펩타이드-1, 팔미토일테트라펩타이드-7, 팔미토일트라이펩타이드-1, 팔미토일트라이펩타이드-5, 팔미토일펜타펩타이드-4, 팔미토일헥사펩타이드-12, 펜타펩타이드-3, 헥사펩타이드-9, 올리고펩타이드-2, 참마뿌리추출물, 펜틸렌글라이콜, 폴리글리세릴-3메틸글루코오스다이스테아레이트, 글리세릴스테아레이트, 세틸에틸헥사노에이트, 비스-다이글리세릴폴리아실아디페이트-2, 카프릴릭/카프릭트라이글리세라이드, 비닐다이메티콘, 하이드록시에틸아크릴레이트/소듐아크릴로일다이메틸타우레이트코폴리머, 팔미틱애씨드, 스테아릭애씨드, 다이메티콘올, 에틸헥실글리세린, 카보머, 잔탄검, 하이드로제네이티드채종유, 트로메타민, 솔비탄아이소스테아레이트, 말토덱스트린, 프로판다이올, 알진, 바이오사카라이드검-4, 세테아릴글루코사이드, 세테아릴알코올, 소듐폴리아크릴레이트, 소듐스테아로일글루타메이트, 토코페롤, 미네랄솔트, 하이드롤라이즈드옥수수전분, 소듐포스페이트, 카프릴릴글라이콜, 수크로오스, 덱스트란, 다이소듐포스페이트, 향료 [크림} 정제수, 락토바실러스발효용해물, 글리세린, 카프릴릭/카프릭트라이글리세라이드, 다이아이소스테아릴말레이트, 세테아릴알코올, 세테아릴올리베이트, 락토바실러스발효물, 프룩토올리고사카라이드, 프룩탄, 이눌린, 판테놀, 베타인, 베타-글루칸, 아데노신, 사포닌, 수용성프로테오글리칸, 아세틸테트라펩타이드-5, 노나펩타이드-1, 아세틸테트라펩타이드-9, 아세틸헥사펩타이드-1, 아세틸헥사펩타이드-8, 팔미토일트라이펩타이드-8, 다이펩타이드다이아미노부티로일벤질아마이드다이아세테이트, 카퍼트라이펩타이드-1, 트라이펩타이드-1, 팔미토일테트라펩타이드-7, 팔미토일트라이펩타이드-1, 팔미토일트라이펩타이드-5, 팔미토일펜타펩타이드-4, 팔미토일헥사펩타이드-12, 펜타펩타이드-3, 헥사펩타이드-9, 올리고펩타이드-2, 다시마추출물, 한련초잎추출물, 맥아추출물, 오일팜오일, 하이드로제네이티드레시틴, 폴리글리세린-3, 폴리메틸실세스퀴옥세인, 피토스테릴/베헤닐/옥틸도데실라우로일글루타메이트, 솔비탄올리베이트, 스테아릴다이메티콘, 1,2-헥산다이올, 부틸렌글라이콜, 비닐다이메티콘, 암모늄아크릴로일다이메틸타우레이트/브이피코폴리머, 하이드록시에틸아크릴레이트/소듐아크릴로일다이메틸타우레이트코폴리머, 다이메티콘/비닐다이메티콘크로스폴리머, 하이드록시아세토페논, 옥타데센, 칸데릴라왁스, 다이프로필렌글라이콜, 폴리아크릴레이트-13, 에틸헥실글리세린, 잔탄검, 글리세릴아크릴레이트/아크릴릭애씨드코폴리머, 하이드로제네이티드폴리아이소부텐, 솔비탄아이소스테아레이트, 폴리글리세릴-10미리스테이트, 다이소듐이디티에이, 폴리글리세릴-10라우레이트, 에틸헥실팔미테이트, 하이드롤라이즈드하이알루로닉애씨드, 사이아노코발아민, 알지닌, 카보머, 말토덱스트린, 토코페롤, 프로판다이올, 소듐포스페이트, 카프릴릴글라이콜, 알진, 바이오사카라이드검-4, 덱스트란, 미네랄솔트, 다이소듐포스페이트, 향료 [아이앤링클크림] 정제수, 락토바실러스발효용해물, 글리세린, 카프릴릭/카프릭트라이글리세라이드, 다이아이소스테아릴말레이트, 세테아릴알코올, 세테아릴올리베이트, 락토바실러스발효물, 프룩토올리고사카라이드, 프룩탄, 이눌린, 판테놀, 베타인, 베타-글루칸, 아데노신, 사포닌, 수용성프로테오글리칸, 아세틸테트라펩타이드-5, 노나펩타이드-1, 아세틸테트라펩타이드-9, 아세틸헥사펩타이드-1, 아세틸헥사펩타이드-8, 팔미토일트라이펩타이드-8, 다이펩타이드다이아미노부티로일벤질아마이드다이아세테이트, 카퍼트라이펩타이드-1, 트라이펩타이드-1, 팔미토일테트라펩타이드-7, 팔미토일트라이펩타이드-1, 팔미토일트라이펩타이드-5, 팔미토일펜타펩타이드-4, 팔미토일헥사펩타이드-12, 펜타펩타이드-3, 헥사펩타이드-9, 올리고펩타이드-2, 다시마추출물, 한련초잎추출물, 맥아추출물, 오일팜오일, 하이드로제네이티드레시틴, 폴리글리세린-3, 폴리메틸실세스퀴옥세인, 피토스테릴/베헤닐/옥틸도데실라우로일글루타메이트, 솔비탄올리베이트, 스테아릴다이메티콘, 1,2-헥산다이올, 부틸렌글라이콜, 비닐다이메티콘, 암모늄아크릴로일다이메틸타우레이트/브이피코폴리머, 하이드록시에틸아크릴레이트/소듐아크릴로일다이메틸타우레이트코폴리머, 다이메티콘/비닐다이메티콘크로스폴리머, 하이드록시아세토페논, 옥타데센, 칸데릴라왁스, 다이프로필렌글라이콜, 폴리아크릴레이트-13, 에틸헥실글리세린, 잔탄검, 글리세릴아크릴레이트/아크릴릭애씨드코폴리머, 하이드로제네이티드폴리아이소부텐, 솔비탄아이소스테아레이트, 폴리글리세릴-10미리스테이트, 다이소듐이디티에이, 폴리글리세릴-10라우레이트, 에틸헥실팔미테이트, 하이드롤라이즈드하이알루로닉애씨드, 사이아노코발아민, 알지닌, 카보머, 말토덱스트린, 토코페롤, 프로판다이올, 소듐포스페이트, 카프릴릴글라이콜, 알진, 바이오사카라이드검-4, 덱스트란, 미네랄솔트, 다이소듐포스페이트, 향료 [크림마스크] 정제수, 글리세린, 메틸프로판다이올, 카프릴릭/카프릭트라이글리세라이드, 세틸에틸헥사노에이트, 다이프로필렌글라이콜, 락토바실러스발효물, 소듐디엔에이, 아데노신, 하이드롤라이즈드콜라겐, 풀루란, 헥사펩타이드-2, 아세틸헥사펩타이드-8, 아세틸옥타펩타이드-3, 아세틸테트라펩타이드-2, 아세틸테트라펩타이드-3, 아세틸테트라펩타이드-5, 아세틸테트라펩타이드-9, 팔미토일트라이펩타이드-1, 아스코빅애씨드폴리펩타이드, 카퍼트라이펩타이드-1, 노나펩타이드-1, 팔미토일펜타펩타이드-4, 팔미토일트라이펩타이드-5, 팔미토일테트라펩타이드-7, 아세틸다이펩타이드-1세틸에스터, 다이펩타이드다이아미노부티로일벤질아마이드다이아세테이트, 카르노신, 판테놀, 세라마이드엔피, 하이드록시아세토페논, 폴리글리세릴-6스테아레이트, 세테아릴올리베이트, 부틸렌글라이콜, 1,2-헥산다이올, 솔비탄올리베이트, 암모늄아크릴로일다이메틸타우레이트/브이피코폴리머, 아크릴레이트/C10-30알킬아크릴레이트크로스폴리머, 알란토인, 카페인, 폴리메틸실세스퀴옥세인, 트레할로오스, 트로메타민, 프로판다이올, 에틸헥실글리세린, 카프릴릴글라이콜, 잔탄검, 폴리글리세릴-6베헤네이트, 폴리글리세릴-10아이소스테아레이트, 녹두싹추출물, 밀싹추출물, 폴리글리세릴-10올리에이트, 인도멀구슬나무꽃추출물, 홀리바질잎추출물, 브로콜리싹추출물, 소듐파이테이트, 하이드로제네이티드폴리아이소부텐, 인도멀구슬나무잎추출물, 울금뿌리추출물, 참산호말추출물, 사이아노코발아민, 백미꽃추출물, 접시꽃추출물, 베타인, 토코페롤, 프룩토올리고사카라이드, 베타-글루칸, 프룩탄, 솔비탄라우레이트, 펜틸렌글라이콜, 허니로커스트씨추출물, 카보머, 하이드록시에틸셀룰로오스, 이눌린, 소듐락테이트, 폴리솔베이트20, 글리세릴카프릴레이트, 하이드로제네이티드레시틴, 콜레스테롤, 키토산, 바이오틴, 향료..."
2026-08-13 07:05:27.687671+00,109,https://image.oliveyoung.co.kr/cfimages/cf-goods/uploads/images/thumbnails/10/0000/0019/A00000019039521ko.jpg,[쿨링진정]넘버즈인 1번 진정 맑게담은 청초토너 300ml 리필기획(+300ml 증정),넘버즈인,TONER,"정제수, 1,2-헥산다이올, 다이프로필렌글라이콜, 프로판다이올, 부틸렌글라이콜, 글리세린, 감초뿌리추출물, 약모밀추출물, 카보머, 병풀추출물, 하이드록시에틸셀룰로오스, 알지닌, 알란토인, 다이소듐이디티에이, 하수오전초추출물, 베타인, 히아신스전초추출물, 판테놀, 알바수련꽃추출물"