brand,name,category,image_url,raw_ingredients
"비플레인","[8월올영픽/2천만돌파]비플레인 녹두 약산성 클렌징폼 160ml 더블 기획","CLEANSER","https://image.oliveyoung.co.kr/cfimages/cf-goods/uploads/images/thumbnails/400/10/0000/0026/A00000026052209ko.jpg?l=ko","글리세린, 정제수, 소듐코코일글라이시네이트, 소듐라우로일글루타메이트, 1,2-헥산다이올, 하이드록시프로필스타치포스페이트, 부틸렌글라이콜, 녹두가루(9,000ppm), 라우릴베타인, 하이드록시아세토페논, 녹두추출물(3,300ppm), 에틸헥실글리세린, 소듐클로라이드, 에탄올, 베타인, 폴리쿼터늄-39, 인도멀구슬나무잎추출물, 인도멀구슬나무꽃추출물, 덱스트린, 카카오씨추출물, 아이비고드열매추출물, 알란토인, 황벽나무껍질추출물, 알로에베라꽃추출물, 가지열매추출물, 소듐벤조에이트, 홀리바질잎추출물, 참산호말추출물, 울금뿌리추출물, 캐모마일꽃추출물, 토코페롤, 하이드로제네이티드레시틴, 병풀추출물, 무화과추출물, 세라마이드엔피, 소듐하이알루로네이트, 녹차가루"
"블랑네이처","[8월올영픽/여드름 기능성] 블랑네이처 아크네 클렌징 폼 기획/단품","CLEANSER","https://image.oliveyoung.co.kr/cfimages/cf-goods/uploads/images/thumbnails/400/10/0000/0018/A00000018640946ko.jpg?l=ko","녹차수, 팔미틱애씨드, 스테아릭애씨드, 미리스틱애씨드, 글리세린, 라우릭애씨드, 포타슘하이드록사이드, 정제수, 솔비탄올리베이트, 1,2-헥산다이올, 코카미도프로필베타인, 글리세릴스테아레이트, 부틸렌글라이콜, 살리실릭애씨드, 병풀추출물, 프로폴리스추출물, 포트마리골드꽃추출물, 피이지-100스테아레이트, 소듐클로라이드, 맥아추출물, 알란토인, 판테놀, 시트릭애씨드, 스페인감초뿌리추출물, 에탄올, 녹차추출물, 약모밀추출물, 펜틸렌글라이콜, 카프릴릴글라이콜, 에틸헥실글리세린, 메밀뿌리추출물, 달맞이꽃꽃추출물, 대왕소나무잎추출물, 칡뿌리추출물, 당느릅나무뿌리추출물, 다이소듐이디티에이, 소듐벤조에이트, 클로페네신, 4-터피네올, 티트리잎오일"
"라곰","[유트루PICK/수분민감] 라곰 셀럽 마이크로 폼 클렌저 120mL x 2 단품/기획 택 1","CLEANSER","https://image.oliveyoung.co.kr/cfimages/cf-goods/uploads/images/thumbnails/400/10/0000/0023/A00000023082155ko.jpg?l=ko","정제수, 스테아릭애씨드, 글리세린, 라우릭애씨드, 피이지-32, 포타슘하이드록사이드, 글리세릴스테아레이트, 미리스틱애씨드, 코카미도프로필베타인, 부틸렌글라이콜, 포타슘코코일글리시네이트, 우레아, 피이지-100스테아레이트, 소듐클로라이드, 향료, 하이드록시아세토페논, 하이드록시에틸우레아, 다이소듐이디티에이, 알지닌, 폴리쿼터늄-7, 하이드롤라이즈드식물성단백질, 말토덱스트린, 만주자작나무껍질추출물, 1,2-헥산다이올, 소듐벤조에이트, 비누풀잎추출물, 무환자추출물, 리모넨, 리날룰"
"제로이드","제로이드 포밍 클렌저 240ml 본품 + 240ml 리필 기획","CLEANSER","https://image.oliveyoung.co.kr/cfimages/cf-goods/uploads/images/thumbnails/400/10/0000/0023/A00000023208113ko.jpg?l=ko","정제수, 다이소듐라우릴설포석시네이트, 소듐라우로일메틸이세티오네이트, 다이소듐코코암포다이아세테이트, 코코-글루코사이드, 글리세린, 1,2-헥산다이올, 베타인, 소듐클로라이드, 하이드록시에틸우레아, 시트릭애씨드, 하이드록시아세토페논, 다이소듐이디티에이, 헥실렌글라이콜, 소듐피씨에이, 소듐하이알루로네이트, 미리스토일/팔미토일옥소스테아라마이드/아라카마이드엠이에이"
"션리","[우주먼지 에디션]션리 다시마 앰플 클렌징폼 120ml 기획(+헤어집게핀+스티커증정)","CLEANSER","https://image.oliveyoung.co.kr/cfimages/cf-goods/uploads/images/thumbnails/400/10/0000/0025/A00000025736902ko.jpg?l=ko","정제수, 글리세린, 다시마즙 (10%), 미리스틱애씨드, 팔미틱애씨드, 스테아릭애씨드, 라우릭애씨드, 포타슘하이드록사이드, 솔비톨, 코카미도프로필베타인, 글리세릴스테아레이트, 다시마가루 (1%), 합성비즈왁스, 솔비탄올리베이트, 1,2-헥산다이올, 소듐폴리아크릴레이트, 소듐클로라이드, 향료, 폴리쿼터늄-7, 살리실릭애씨드, 아라키딕애씨드, 다이소듐이디티에이, 소듐벤조에이트, 석시닉애씨드, 부틸렌글라이콜, 블랙윌로우나무껍질추출물, 소듐하이알루로네이트, 숯추출물, 하이드록시프로필트라이모늄하이알루로네이트, 하이드롤라이즈드하이알루로닉애씨드, 소듐아세틸레이티드하이알루로네이트, 하이알루로닉애씨드, 하이드롤라이즈드소듐하이알루로네이트, 소듐하이알루로네이트크로스폴리머, 포타슘하이알루로네이트"
"이니스프리","[4950만개/1+1] 이니스프리 화산송이 바하 모공 클렌징폼 130g 더블 기획","CLEANSER","https://image.oliveyoung.co.kr/cfimages/cf-goods/uploads/images/thumbnails/400/10/0000/0023/A00000023291362ko.jpg?l=ko","정제수, 글리세린, 미리스틱애씨드, 라우릭애씨드, 포타슘하이드록사이드, 카올린, 스테아릭애씨드, 글리세릴스테아레이트, 라우릴하이드록시설테인, 글라이콜다이스테아레이트, 팔미틱애씨드, 라우릴글루코사이드, 폴리쿼터늄-22, 향료, 살리실릭애씨드(5,000ppm), 실리카, 온천수, 징크피씨에이, 화산재(1,073ppm), 다이소듐이디티에이, 프로판다이올, 락틱애씨드/글라이콜릭애씨드코폴리머, 1,2-헥산다이올, 마데카소사이드, 폴리쿼터늄-10, 에틸헥실글리세린"
"라곰","[수분민감/아침세안] 라곰 셀럽 젤 투 워터 클렌저 170ml x 2","CLEANSER","https://image.oliveyoung.co.kr/cfimages/cf-goods/uploads/images/thumbnails/400/10/0000/0023/A00000023082237ko.jpg?l=ko","정제수, 다이프로필렌글라이콜, 피이지-6카프릴릭/카프릭글리세라이즈, 글리세린, 폴리글리세릴-4카프레이트, 우레아, 폴리글리세릴-6카프릴레이트, 1,2-헥산다이올, 카보머, 트로메타민, 하이드록시아세토페논, 부틸렌글라이콜, 에틸헥실글리세린, 향료, 쇠비름추출물, 다이소듐이디티에이, 비누풀잎추출물, 하이드롤라이즈드식물성단백질, 말토덱스트린, 무환자추출물"
"에스네이처","[8/14 하루특가/여주쌀증정/선크림순싹폼] 에스네이처 아쿠아 라이스 약산성 클렌징폼 160ml기획 (+미니20ml)","CLEANSER","https://image.oliveyoung.co.kr/cfimages/cf-goods/uploads/images/thumbnails/400/10/0000/0019/A00000019049499ko.jpg?l=ko","정제수, 글리세린, 소듐코코일글라이시네이트, 솔비톨, 소듐라우로일글루타메이트, 1,2-헥산다이올, 다이소듐코코암포다이아세테이트, 쌀추출물(4,180ppm), 당호박추출물, 팥추출물, 라우릴베타인, 쌀가루(10ppb),부틸렌글라이콜, 토코페롤, 소듐클로라이드, 하이드록시프로필스타치포스페이트, 아크릴레이트/C10-30알킬아크릴레이트크로스폴리머, 폴리쿼터늄-22, 헥실렌글라이콜, 에틸헥실글리세린, 하이드록시아세토페논, 시트릭애씨드"
"마녀공장","[쫀쫀버블] 마녀공장 퓨어 소이빈 클렌징폼 160mlx2 더블기획","CLEANSER","https://image.oliveyoung.co.kr/cfimages/cf-goods/uploads/images/thumbnails/400/10/0000/0020/A00000020798258ko.jpg?l=ko","전성분 글리세린, 정제수, 미리스틱애씨드, 스테아릭애씨드, 라우릭애씨드, 포타슘코코에이트, 포타슘하이드록사이드, 포타슘코코일글리시네이트, 팔미틱애씨드, 소듐하이알루로네이트, 부틸렌글라이콜, 라벤더꽃수, 보리지추출물, 수레국화꽃추출물, 클레리추출물, 히아신스전초추출물, 세라마이드엔피, 마트리카리아꽃/잎추출물, 하이드로제네이티드레시틴, 연꽃꽃추출물, 인동덩굴꽃추출물, 알바수련꽃추출물, 세룰라타벚나무꽃추출물, 장미꽃추출물, 1,2-헥산다이올, 코코-글루코사이드, 글리세릴스테아레이트, 아크릴레이트/C10-30알킬아크릴레이트크로스폴리머, 소듐코코일이세티오네이트, 올레익애씨드, 카프릴릭/카프릭트라이글리세라이드, 에틸헥실글리세린, 퀼라자껍질추출물, 잇꽃꽃추출물, 크리산텔룸 인디쿰추출물, 아라키딕애씨드, 소듐파이테이트, 폴리쿼터늄-7, 다마스크장미꽃오일, 센티드제라늄꽃오일, 일랑일랑꽃오일, 시트릭애씨드, 포타슘솔베이트, 소듐벤조에이트, 오렌지껍질오일, 해바라기씨오일, 베르가모트오일"
"센카","[온라인단독/3입] 센카 퍼펙트 휩 페이셜 워시 FA 120g 트리플 기획","CLEANSER","https://image.oliveyoung.co.kr/cfimages/cf-goods/uploads/images/thumbnails/400/10/0000/0025/A00000025310211ko.jpg?l=ko","정제수, 글리세린, 미리스틱애씨드, 팔미틱애씨드, 포타슘하이드록사이드, 피이지-8, 다이프로필렌글라이콜, 글라이콜다이스테아레이트, 솔비톨, 라우릭애씨드, 스테아릭애씨드, 라우릴베타인, 글리세릴스테아레이트에스이, 파라핀, 미리스틸베타인, 폴리쿼터늄-7, 소듐벤조에이트, 향료, 소듐클로라이드, 폴리쿼터늄-6, 세틸베타인, 아이소프로필알코올, 다이소듐이디티에이, 구아하이드록시프로필트라이모늄클로라이드, 소듐메타바이설파이트, 사카라이드아이소머레이트, 흰목이버섯폴리사카라이드, 비에이치티, 부틸렌글라이콜, 소듐아세틸레이티드하이알루로네이트, 소듐시트레이트, 시트릭애씨드, 소듐하이알루로네이트, 리모넨"
"닥터지","[8월올영픽/보송톤업] 닥터지 브라이트닝 업 선 플러스 50ml 기획 2종 (50+20/50+50+10) (선크림)","SUNSCREEN","https://image.oliveyoung.co.kr/cfimages/cf-goods/uploads/images/thumbnails/400/10/0000/0018/A00000018015856ko.jpg?l=ko","1. 닥터지 브라이트닝 업 선 플러스 50ml(본품+구성품) 정제수, 사이클로펜타실록세인, 에칠헥실메톡시신나메이트, 징크옥사이드 (CI 77947), 사이클로헥사실록세인, 에칠헥실살리실레이트, 부틸렌글라이콜, 메틸메타크릴레이트크로스폴리머, 폴리글리세릴-3폴리다이메틸실록시에틸다이메티콘, 티타늄디옥사이드 (CI 77891), 다이프로필렌글라이콜, 에틸헥실팔미테이트, 나이아신아마이드, 비닐다이메티콘/메티콘실세스퀴옥세인크로스폴리머, 솔비탄아이소스테아레이트, 다이메티콘/비닐다이메티콘크로스폴리머, 카프릴릴메티콘, 다이메티콘, 다이스테아다이모늄헥토라이트, 폴리메틸실세스퀴옥세인, 프랑스해안송껍질추출물, 타라열매추출물, 코토니추출물, 포도씨오일, 밀몽화꽃추출물, 감나무잎추출물, 녹차추출물, 마그네슘설페이트, C30-45알킬세테아릴다이메티콘크로스폴리머, 알루미늄하이드록사이드, 스테아릭애씨드, 카프릴릴글라이콜, 글리세릴카프릴레이트, 폴리메틸메타크릴레이트, 트라이에톡시카프릴릴실레인, 1,2-헥산다이올, 프로판다이올, 다이소듐이디티에이, 폴리비닐알코올, 황색산화철 (CI 77492), 적색산화철 (CI 77491)"
"식물나라","[황윤제PICK]식물나라 워터프루프 선 크림 100mL","SUNSCREEN","https://image.oliveyoung.co.kr/cfimages/cf-goods/uploads/images/thumbnails/400/10/0000/0015/A00000015190432ko.jpg?l=ko","정제수, 사이클로펜타실록세인, 징크옥사이드, 호모살레이트, 에칠헥실살리실레이트, 폴리글리세릴-3폴리다이메틸실록시에틸다이메티콘, 부틸렌글라이콜다이카프릴레이트/다이카프레이트, 프로필헵틸카프릴레이트, 글리세린, 나이아신아마이드, 다이프로필렌글라이콜, 메틸메타크릴레이트크로스폴리머, 티타늄디옥사이드, 디에칠아미노하이드록시벤조일헥실벤조에이트, 부틸옥틸살리실레이트, 비스-에칠헥실옥시페놀메톡시페닐트리아진, 알로에베라잎추출물, 캐모마일꽃추출물, 가시대나무줄기추출물, 멕시칸치아씨추출물, 병풀추출물, 쇠비름추출물, 약모밀추출물, 울금뿌리추출물, 포트마리골드꽃추출물, 바오밥나무씨오일, 소듐하이알루로네이트, 달맞이꽃오일, 다이스테아다이모늄헥토라이트, 마그네슘설페이트, 칼슘알루미늄보로실리케이트, 솔비탄카프릴레이트, 폴리글리세릴-6폴리리시놀리에이트, 트라이에톡시카프릴릴실레인, 마이카, 스테아릭애씨드, 알루미늄하이드록사이드, 부틸렌글라이콜, 글리세릴카프릴레이트, 아데노신, 프로판다이올, 판테놀, 사카라이드하이드롤리세이트, 드럼스틱씨오일, 프로필렌글라이콜, 토코페롤, 산소, 1,2-헥산다이올, 향료, 에틸헥실글리세린, 펜틸렌글라이콜"
"메디힐","[양현종 PICK] 메디힐 마데카소사이드 수분 선세럼 흔적 리페어 50+50g 기획","SUNSCREEN","https://image.oliveyoung.co.kr/cfimages/cf-goods/uploads/images/thumbnails/400/10/0000/0023/A00000023267248ko.jpg?l=ko","정제수, 다이부틸아디페이트, 프로판다이올, 부틸옥틸살리실레이트, 에칠헥실트리아존, 메틸메타크릴레이트크로스폴리머, 비스-에칠헥실옥시페놀메톡시페닐트리아진, 옥토크릴렌, 나이아신아마이드, 테레프탈릴리덴디캠퍼설포닉애씨드, 알지닌, 다이메티콘올, 메틸프로판다이올, 폴리메틸실세스퀴옥세인, 1,2-헥산다이올, 펜틸렌글라이콜, C11-13아이소알케인, 하이드록시에틸우레아, 부틸렌글라이콜, 베헤닐알코올, 폴리글리세릴-3메틸글루코오스다이스테아레이트, 다이프로필렌글라이콜, 카보머, 아이소도데케인, 폴리C10-30알킬아크릴레이트, 다이메티콘/비닐다이메티콘크로스폴리머, 폴리에터-1, 스핑고모나스발효추출물, 에틸헥실글리세린, 병풀잎추출물, 아데노신, 서양배추출물, 소듐스테아로일글루타메이트, 연필향나무오일, 마데카소사이드, 소듐하이알루로네이트, 다마스크장미꽃수, 멜론추출물, 오리스뿌리추출물, 서양송악잎/줄기추출물, 호호바씨오일, 광곽향오일, 불가리스쑥오일, 마이크로크리스탈린셀룰로오스, 로즈마리잎오일, 병풀추출물, 셀룰로오스검, 토코페롤, 하이드롤라이즈드하이알루로닉애씨드, 하이드롤라이즈드소듐하이알루로네이트, 하이드록시프로필트라이모늄하이알루로네이트, 사과추출물, 에리스리톨, 글리세린, 판테놀, 솔비톨, 보검선인장줄기추출물, 마데카식애씨드, 아시아틱애씨드, 아시아티코사이드, 효모발효여과물, 바이오사카라이드검-4, 다이소듐포스페이트, 다발방패버섯추출물"
"구달","[1등 선크림/화잘먹] 구달 맑은 어성초 진정 수분 선크림 50ml 1+1 기획","SUNSCREEN","https://image.oliveyoung.co.kr/cfimages/cf-goods/uploads/images/thumbnails/400/10/0000/0021/A00000021955352ko.jpg?l=ko","정제수, 다이부틸아디페이트, 프로판다이올, 폴리메틸실세스퀴옥세인, 다이아이소프로필세바케이트, 디에칠아미노하이드록시벤조일헥실벤조에이트, 에칠헥실트리아존, 메칠렌비스-벤조트리아졸릴테트라메칠부틸페놀, 코코-카프릴레이트/카프레이트, 디에칠헥실부타미도트리아존, 부틸렌글라이콜, 글리세린, 1,2-헥산다이올, 카프릴릴메티콘, 약모밀추출물, 펜틸렌글라이콜, 베헤닐알코올, 폴리C10-30알킬아크릴레이트, 폴리글리세릴-3메틸글루코오스다이스테아레이트, 데실글루코사이드, 트로메타민, 카보머, 아크릴레이트/C10-30알킬아크릴레이트크로스폴리머, 소듐스테아로일글루타메이트, 폴리아크릴레이트크로스폴리머-6, 에틸헥실글리세린, 잔탄검, t-부틸알코올, 토코페롤"
"라운드랩","[더블/4년연속1등] 라운드랩 자작나무 수분 선크림 50ml 더블 기획","SUNSCREEN","https://image.oliveyoung.co.kr/cfimages/cf-goods/uploads/images/thumbnails/400/10/0000/0017/A00000017165043ko.jpg?l=ko","정제수, 다이부틸아디페이트, 프로판다이올, 디에칠아미노하이드록시벤조일헥실벤조에이트, 폴리메틸실세스퀴옥세인, 에칠헥실트리아존, 나이아신아마이드, 메칠렌비스-벤조트리아졸릴테트라메칠부틸페놀, 코코-카프릴레이트/카프레이트, 카프릴릴메티콘, 디에칠헥실부타미도트리아존, 글리세린, 1,2-헥산다이올, 부틸렌글라이콜, 자작나무수액(1,425ppm), 소듐하이알루로네이트, 하이알루로닉애씨드, 글리세릴글루코사이드, 다이포타슘글리시리제이트, 알란토인, 쇠비름추출물, 개똥쑥추출물, 구주소나무잎오일, 캐모마일꽃오일, 아크릴레이트/C10-30알킬아크릴레이트크로스폴리머, 소듐스테아로일글루타메이트, 폴리아크릴레이트크로스폴리머-6, 에틸헥실글리세린, 아스코빅애씨드, 아데노신, 펜틸렌글라이콜, 베헤닐알코올, 폴리C10-30알킬아크릴레이트, 폴리글리세릴-3메틸글루코오스다이스테아레이트, 데실글루코사이드, 트로메타민, 잔탄검, t-부틸알코올, 토코페롤, 카보머"
"닥터지","[무기자차] 닥터지 그린 마일드 업 선 플러스 50ml 기획 2종 (50+20/50+50+10) (선크림)","SUNSCREEN","https://image.oliveyoung.co.kr/cfimages/cf-goods/uploads/images/thumbnails/400/10/0000/0018/A00000018016249ko.jpg?l=ko","1. 그린마일드 업 선 플러스 50ml(본품+구성품) 정제수, 징크옥사이드, 프로판다이올, 부틸옥틸살리실레이트, 프로필헵틸카프릴레이트, 코코-카프릴레이트/카프레이트, 사이클로헥사실록세인, 카프릴릴메티콘, 아이소도데케인, 폴리글리세릴-3폴리다이메틸실록시에틸다이메티콘, 메틸트라이메티콘, 메틸메타크릴레이트크로스폴리머, 다이스테아다이모늄헥토라이트, 마그네슘설페이트, 트라이에톡시카프릴릴실레인, 1,2-헥산다이올, 폴리글리세릴-2다이폴리하이드록시스테아레이트, 라우릴폴리글리세릴-3폴리다이메틸실록시에틸다이메티콘, 폴리메틸실세스퀴옥세인, 글리세릴카프릴레이트, 카프릴릴글라이콜, 에틸헥실글리세린, 소듐하이알루로네이트, 부틸렌글라이콜, 토코페롤, 병풀추출물, 타라열매추출물, 프랑스해안송껍질추출물, 코토니추출물, 7-데하이드로콜레스테롤, 약모밀추출물, 엑토인, 밀몽화꽃추출물, 락토바실러스발효물, 하이드록시신나믹애씨드, 루틴"
"달바","[생기톤업/스웨트프루프] 달바 핑크 톤업 선크림 듀오 기획 (50ml+50ml)","SUNSCREEN","https://image.oliveyoung.co.kr/cfimages/cf-goods/uploads/images/thumbnails/400/10/0000/0023/A00000023272527ko.png?l=ko","정제수, 다이부틸아디페이트, 프로판다이올, 티타늄디옥사이드, 카프릴릭/카프릭트라이글리세라이드, C12-15알킬벤조에이트, 디에칠아미노하이드록시벤조일헥실벤조에이트, 카프릴릴메티콘, 에칠헥실트리아존, 나이아신아마이드, 글리세린, 디에칠헥실부타미도트리아존, 1,2-헥산다이올, 펜틸렌글라이콜, 쇠비름추출물, 분홍바늘꽃꽃/잎/줄기추출물, 페루기네움철쭉추출물, 병풀추출물, 복사나무꽃추출물, 복숭아추출물, 세룰라타벚나무꽃추출물, 알로에베라잎추출물, 약모밀추출물, 흰서양송로추출물, 오렌지오일, 필리핀오렌지껍질오일, 소듐하이알루로네이트, 리씨열매오일, 다마스크장미꽃수, 자작나무수액, 판테놀, 폴리하이드록시스테아릭애씨드, 다이메티콘/비닐다이메티콘크로스폴리머, 브이피/에이코신코폴리머, 다이메티콘올, 트라이실록세인, 코코-카프릴레이트/카프레이트, 스테아릭애씨드, 소듐폴리아크릴로일다이메틸타우레이트, 암모늄폴리아크릴로일다이메틸타우레이트, 알루미나, 하이드록시프로필메틸셀룰로오스스테아록시에터, 다이카프릴릴카보네이트, 잔탄검, 에틸헥실글리세린, 아데노신, 소듐폴리아크릴레이트, 트라이에톡시카프릴릴실레인, t-부틸알코올, 피브이엠/엠에이코폴리머, 폴리에터-1, 하이드롤라이즈드하이알루로닉애씨드, 알란토인, 부틸렌글라이콜, 토코페롤, 다이소듐포스페이트, 시트릭애씨드, 카프릴릴글라이콜, 황색산화철, 적색산화철, 리모넨, 시트랄"
"AHC","[이사배PICK]AHC 마스터즈 아쿠아리치 선크림 50ml 1+1 기획","SUNSCREEN","https://image.oliveyoung.co.kr/cfimages/cf-goods/uploads/images/thumbnails/400/10/0000/0022/A00000022320752ko.jpg?l=ko","정제수, 다이부틸아디페이트, 프로판다이올, 디에칠아미노하이드록시벤조일헥실벤조에이트, 폴리메틸실세스퀴옥세인, 에칠헥실트리아존, 나이아신아마이드, 메칠렌비스-벤조트리아졸릴테트라메칠부틸페놀, 코코-카프릴레이트/카프레이트, 카프릴릴메티콘, 디에칠헥실부타미도트리아존, 글리세린, 부틸렌글라이콜, 1,2-헥산다이올, 펜틸렌글라이콜, 베헤닐알코올, 폴리C10-30알킬아크릴레이트, 폴리글리세릴-3메틸글루코오스다이스테아레이트, 데실글루코사이드, 트로메타민, 카보머, 아크릴레이트/C10-30알킬아크릴레이트크로스폴리머, 소듐스테아로일글루타메이트, 폴리아크릴레이트크로스폴리머-6, 에틸헥실글리세린, 아데노신, 잔탄검, 베르가모트오일, t-부틸알코올, 토코페롤, 비타민나무열매추출물, 아스코빅애씨드, 당근추출물, 로즈힙열매추출물, 사과추출물, 살구즙, 드럼스틱씨오일, 세라마이드엔피, 피토스핑고신, 하이드로제네이티드레시틴, 케이프알로에잎추출물, 사철쑥추출물"
"유이크","[티동마켓특가] 유이크 바이옴 레미디 워터프루프 선크림 50ml","SUNSCREEN","https://image.oliveyoung.co.kr/cfimages/cf-goods/uploads/images/thumbnails/400/10/0000/0025/A00000025505811ko.jpg?l=ko","정제수, 다이부틸아디페이트, 프로판다이올, 에칠헥실트리아존, 폴리메틸실세스퀴옥세인, 부틸옥틸살리실레이트, 디에칠아미노하이드록시벤조일헥실벤조에이트, 나이아신아마이드, 드로메트리졸트리실록산, 메칠렌비스-벤조트리아졸릴테트라메칠부틸페놀, 코코-카프릴레이트/카프레이트, 카프릴릴메티콘, 글리세린, 1,2-헥산다이올, 부틸렌글라이콜, 펜틸렌글라이콜, 폴리C10-30알킬아크릴레이트, 베헤닐알코올, 브이피/에이코신코폴리머, 폴리글리세릴-3메틸글루코오스다이스테아레이트, 판테놀, 데실글루코사이드, 트로메타민, 카보머, 아크릴레이트/C10-30알킬아크릴레이트크로스폴리머, 에틸헥실글리세린, 쿠티박테리움 그라눌로숨발효추출여과물(10ppm), 덱스트린, 소듐스테아로일글루타메이트, 폴리아크릴레이트크로스폴리머-6, 아데노신, 다시마추출물, 알로에베라잎추출물, 참마뿌리추출물, 당느릅나무뿌리추출물, 제비꽃꽃추출물, 치자추출물, 잔탄검, 토코페롤, 구아이아줄렌, 시트릭애씨드, 소듐하이알루로네이트, 하이드롤라이즈드하이알루로닉애씨드, 소듐아세틸레이티드하이알루로네이트"
"제로이드","[2입 기획][민감피부 추천 무기자차] 제로이드 데일리 선크림 기획 (50ml+50ml)","SUNSCREEN","https://image.oliveyoung.co.kr/cfimages/cf-goods/uploads/images/thumbnails/400/10/0000/0025/A00000025372412ko.jpg?l=ko","정제수, 징크옥사이드, 사이클로헥사실록세인, 부틸옥틸살리실레이트, 프로판다이올, 프로필헵틸카프릴레이트, 아이소도데케인, 폴리글리세릴-3폴리다이메틸실록시에틸다이메티콘, 다이카프릴릴카보네이트, 카프릴릴메티콘, 소듐하이알루로네이트, 다이스테아다이모늄헥토라이트, 마그네슘설페이트, 메틸메타크릴레이트크로스폴리머, 트라이에톡시카프릴릴실레인, 1,2-헥산다이올, 폴리글리세릴-2다이폴리하이드록시스테아레이트, 폴리메틸실세스퀴옥세인, 라우릴폴리글리세릴-3폴리다이메틸실록시에틸다이메티콘, 글리세릴카프릴레이트, 카프릴릴글라이콜, 에틸헥실글리세린, 토코페롤, 미리스토일/팔미토일옥소스테아라마이드/아라카마이드엠이에이, 스쿠알란, 판테놀, 펜틸렌글라이콜, 마데카소사이드"
